FisheriesGuild,Year,Metric,Value
benthic,1950,F_FMEAN,0.565479305796889
benthic,1951,F_FMEAN,0.590483492787908
benthic,1952,F_FMEAN,0.60779408378169
benthic,1953,F_FMEAN,0.594330290786526
benthic,1954,F_FMEAN,0.538551719806561
benthic,1955,F_FMEAN,0.567402704796198
benthic,1956,F_FMEAN,0.561632507798271
benthic,1957,F_FMEAN,0.4585383214353
benthic,1958,F_FMEAN,0.507007976217891
benthic,1959,F_FMEAN,0.547014675403521
benthic,1960,F_FMEAN,0.585097975589842
benthic,1961,F_FMEAN,0.60779408378169
benthic,1962,F_FMEAN,0.627797433374505
benthic,1963,F_FMEAN,0.657802457763728
benthic,1964,F_FMEAN,0.670112211359307
benthic,1965,F_FMEAN,0.650493541566353
benthic,1966,F_FMEAN,0.640491866769946
benthic,1967,F_FMEAN,0.682037285155023
benthic,1968,F_FMEAN,0.765897481524902
benthic,1969,F_FMEAN,0.731532752737245
benthic,1970,F_FMEAN,0.729609353737936
benthic,1971,F_FMEAN,0.729288787238051
benthic,1972,F_FMEAN,0.722236324240584
benthic,1973,F_FMEAN,0.775129796721586
benthic,1974,F_FMEAN,0.799492850712835
benthic,1975,F_FMEAN,0.784426225218247
benthic,1976,F_FMEAN,0.755254673728725
benthic,1977,F_FMEAN,0.722556890740469
benthic,1978,F_FMEAN,0.760063171226998
benthic,1979,F_FMEAN,0.820329673205351
benthic,1980,F_FMEAN,0.949678255908891
benthic,1981,F_FMEAN,0.92451378566793
benthic,1982,F_FMEAN,1.05652307032051
benthic,1983,F_FMEAN,1.1030693261038
benthic,1984,F_FMEAN,1.04039857537631
benthic,1985,F_FMEAN,1.01496285655852
benthic,1986,F_FMEAN,0.973926821864467
benthic,1987,F_FMEAN,1.13453063830678
benthic,1988,F_FMEAN,1.08067546632612
benthic,1989,F_FMEAN,1.1860502543597
benthic,1990,F_FMEAN,1.13604188037767
benthic,1991,F_FMEAN,1.19113352314359
benthic,1992,F_FMEAN,1.14799443130194
benthic,1993,F_FMEAN,1.1260127284527
benthic,1994,F_FMEAN,1.12106684531162
benthic,1995,F_FMEAN,1.20198698892541
benthic,1996,F_FMEAN,1.26449745640296
benthic,1997,F_FMEAN,1.34308204408902
benthic,1998,F_FMEAN,1.23207444470032
benthic,1999,F_FMEAN,1.26841752674441
benthic,2000,F_FMEAN,1.19340496577135
benthic,2001,F_FMEAN,1.20789457156614
benthic,2002,F_FMEAN,1.20366309376766
benthic,2003,F_FMEAN,1.37330688550673
benthic,2004,F_FMEAN,1.34411647716427
benthic,2005,F_FMEAN,1.23097535955785
benthic,2006,F_FMEAN,1.1348054095924
benthic,2007,F_FMEAN,1.20834713603657
benthic,2008,F_FMEAN,1.14702465029389
benthic,2009,F_FMEAN,1.057303744032
benthic,2010,F_FMEAN,0.984893428763889
benthic,2011,F_FMEAN,0.891552006738593
benthic,2012,F_FMEAN,0.876956802567364
benthic,2013,F_FMEAN,0.798550008066115
benthic,2014,F_FMEAN,0.747636505143226
benthic,2015,F_FMEAN,0.73202303091354
benthic,2016,F_FMEAN,0.754538113317218
benthic,2017,F_FMEAN,0.744694836085459
benthic,2018,F_FMEAN,0.707584549510553
benthic,1950,F_FMSY,1.90909090909091
benthic,1951,F_FMSY,1.99350649350649
benthic,1952,F_FMSY,2.05194805194805
benthic,1953,F_FMSY,2.00649350649351
benthic,1954,F_FMSY,1.81818181818182
benthic,1955,F_FMSY,1.91558441558442
benthic,1956,F_FMSY,1.8961038961039
benthic,1957,F_FMSY,1.25677056277056
benthic,1958,F_FMSY,1.38710822510823
benthic,1959,F_FMSY,1.48865800865801
benthic,1960,F_FMSY,1.59130735930736
benthic,1961,F_FMSY,1.64752380952381
benthic,1962,F_FMSY,1.68961038961039
benthic,1963,F_FMSY,1.76852813852814
benthic,1964,F_FMSY,1.80562770562771
benthic,1965,F_FMSY,1.75222510822511
benthic,1966,F_FMSY,1.72631168831169
benthic,1967,F_FMSY,1.83941991341991
benthic,1968,F_FMSY,2.06232034632035
benthic,1969,F_FMSY,1.92018609742748
benthic,1970,F_FMSY,1.90146937353834
benthic,1971,F_FMSY,1.89449196397472
benthic,1972,F_FMSY,1.88504627556352
benthic,1973,F_FMSY,2.01795690899139
benthic,1974,F_FMSY,2.07428024083196
benthic,1975,F_FMSY,2.04756008359457
benthic,1976,F_FMSY,1.95810917052296
benthic,1977,F_FMSY,1.88596083992636
benthic,1978,F_FMSY,1.96704632532219
benthic,1979,F_FMSY,2.10028536597502
benthic,1980,F_FMSY,2.03580423987777
benthic,1981,F_FMSY,1.96042477938759
benthic,1982,F_FMSY,2.02033305200314
benthic,1983,F_FMSY,2.09589236047599
benthic,1984,F_FMSY,2.0107685917569
benthic,1985,F_FMSY,1.87091818427261
benthic,1986,F_FMSY,1.82746269412436
benthic,1987,F_FMSY,1.96382096895689
benthic,1988,F_FMSY,1.87585338737638
benthic,1989,F_FMSY,2.02575580774211
benthic,1990,F_FMSY,1.99220030654533
benthic,1991,F_FMSY,2.05127284801798
benthic,1992,F_FMSY,1.98604065788729
benthic,1993,F_FMSY,1.97574029766631
benthic,1994,F_FMSY,1.96510817269994
benthic,1995,F_FMSY,2.09022266902964
benthic,1996,F_FMSY,2.16690671022917
benthic,1997,F_FMSY,2.26778250685671
benthic,1998,F_FMSY,2.1587870040143
benthic,1999,F_FMSY,2.18269669326318
benthic,2000,F_FMSY,2.0720607233879
benthic,2001,F_FMSY,2.09145049410503
benthic,2002,F_FMSY,2.13156490063045
benthic,2003,F_FMSY,2.07772096375269
benthic,2004,F_FMSY,2.02900431272587
benthic,2005,F_FMSY,1.89762686564526
benthic,2006,F_FMSY,1.71290562803531
benthic,2007,F_FMSY,1.73503543863337
benthic,2008,F_FMSY,1.61451739392309
benthic,2009,F_FMSY,1.49437606342128
benthic,2010,F_FMSY,1.44605153527217
benthic,2011,F_FMSY,1.28974488834572
benthic,2012,F_FMSY,1.22759074796349
benthic,2013,F_FMSY,1.14217375984207
benthic,2014,F_FMSY,1.07848631483689
benthic,2015,F_FMSY,0.978483429962172
benthic,2016,F_FMSY,0.987998373555105
benthic,2017,F_FMSY,0.997667490087939
benthic,2018,F_FMSY,0.958333407488901
benthic,1950,SSB_MSYBtrigger,0.738461538461539
benthic,1951,SSB_MSYBtrigger,0.728345626975764
benthic,1952,SSB_MSYBtrigger,0.694836670179136
benthic,1953,SSB_MSYBtrigger,0.642571127502634
benthic,1954,SSB_MSYBtrigger,0.599157007376185
benthic,1955,SSB_MSYBtrigger,0.598946259220232
benthic,1956,SSB_MSYBtrigger,0.605057955742887
benthic,1957,SSB_MSYBtrigger,1.04808305714222
benthic,1958,SSB_MSYBtrigger,1.0943859405124
benthic,1959,SSB_MSYBtrigger,1.12609926232313
benthic,1960,SSB_MSYBtrigger,1.13473097826711
benthic,1961,SSB_MSYBtrigger,1.48524141368155
benthic,1962,SSB_MSYBtrigger,1.36743638040295
benthic,1963,SSB_MSYBtrigger,1.1722516494762
benthic,1964,SSB_MSYBtrigger,0.957666790448013
benthic,1965,SSB_MSYBtrigger,0.791831965921382
benthic,1966,SSB_MSYBtrigger,1.51745747033411
benthic,1967,SSB_MSYBtrigger,1.49458562502775
benthic,1968,SSB_MSYBtrigger,1.35173797948154
benthic,1969,SSB_MSYBtrigger,1.05624048196252
benthic,1970,SSB_MSYBtrigger,0.992012050954891
benthic,1971,SSB_MSYBtrigger,0.888967869159973
benthic,1972,SSB_MSYBtrigger,0.962999931857588
benthic,1973,SSB_MSYBtrigger,0.808987474952899
benthic,1974,SSB_MSYBtrigger,0.823459837000145
benthic,1975,SSB_MSYBtrigger,0.900411234918602
benthic,1976,SSB_MSYBtrigger,0.886030216159823
benthic,1977,SSB_MSYBtrigger,0.835439760449881
benthic,1978,SSB_MSYBtrigger,0.883017395670252
benthic,1979,SSB_MSYBtrigger,0.998451286908038
benthic,1980,SSB_MSYBtrigger,0.877210830355212
benthic,1981,SSB_MSYBtrigger,0.974514002578195
benthic,1982,SSB_MSYBtrigger,1.02446100216709
benthic,1983,SSB_MSYBtrigger,1.09913593049824
benthic,1984,SSB_MSYBtrigger,1.08822782111398
benthic,1985,SSB_MSYBtrigger,1.35718608634455
benthic,1986,SSB_MSYBtrigger,1.31518341380918
benthic,1987,SSB_MSYBtrigger,1.3473348176055
benthic,1988,SSB_MSYBtrigger,1.33690062693571
benthic,1989,SSB_MSYBtrigger,1.2666845769413
benthic,1990,SSB_MSYBtrigger,1.50062746472306
benthic,1991,SSB_MSYBtrigger,1.30758744117119
benthic,1992,SSB_MSYBtrigger,1.30954998274775
benthic,1993,SSB_MSYBtrigger,1.16976494324886
benthic,1994,SSB_MSYBtrigger,1.23239530223763
benthic,1995,SSB_MSYBtrigger,1.12726612085531
benthic,1996,SSB_MSYBtrigger,1.0063483285816
benthic,1997,SSB_MSYBtrigger,0.952054007283006
benthic,1998,SSB_MSYBtrigger,0.902382140997438
benthic,1999,SSB_MSYBtrigger,0.979527802220274
benthic,2000,SSB_MSYBtrigger,0.94294787909382
benthic,2001,SSB_MSYBtrigger,0.903022323489332
benthic,2002,SSB_MSYBtrigger,0.884330752037392
benthic,2003,SSB_MSYBtrigger,0.894495765368531
benthic,2004,SSB_MSYBtrigger,0.887183527733346
benthic,2005,SSB_MSYBtrigger,0.871203696290595
benthic,2006,SSB_MSYBtrigger,0.84772744683553
benthic,2007,SSB_MSYBtrigger,0.837822402970932
benthic,2008,SSB_MSYBtrigger,0.969013325099338
benthic,2009,SSB_MSYBtrigger,1.04660953479079
benthic,2010,SSB_MSYBtrigger,1.0679958786777
benthic,2011,SSB_MSYBtrigger,1.11922397030125
benthic,2012,SSB_MSYBtrigger,1.27765514934477
benthic,2013,SSB_MSYBtrigger,1.4574464544466
benthic,2014,SSB_MSYBtrigger,1.58241278804052
benthic,2015,SSB_MSYBtrigger,1.59852372878412
benthic,2016,SSB_MSYBtrigger,1.73337210873287
benthic,2017,SSB_MSYBtrigger,1.800363516781
benthic,2018,SSB_MSYBtrigger,1.82256757744034
benthic,2019,SSB_MSYBtrigger,1.92129261129665
benthic,1950,SSB_SSBMEAN,0.0454276086501936
benthic,1951,SSB_SSBMEAN,0.0448053126412868
benthic,1952,SSB_SSBMEAN,0.0427439571117832
benthic,1953,SSB_SSBMEAN,0.0395287610657649
benthic,1954,SSB_SSBMEAN,0.0368580740275401
benthic,1955,SSB_SSBMEAN,0.0368451095273545
benthic,1956,SSB_SSBMEAN,0.0372210800327357
benthic,1957,SSB_SSBMEAN,2.10921787128869
benthic,1958,SSB_SSBMEAN,2.19234365357845
benthic,1959,SSB_SSBMEAN,2.24183174368676
benthic,1960,SSB_SSBMEAN,2.33745530415539
benthic,1961,SSB_SSBMEAN,2.56681546273817
benthic,1962,SSB_SSBMEAN,2.95406508328077
benthic,1963,SSB_SSBMEAN,2.66108293648739
benthic,1964,SSB_SSBMEAN,2.5117059653494
benthic,1965,SSB_SSBMEAN,2.20972386252721
benthic,1966,SSB_SSBMEAN,2.65906825315856
benthic,1967,SSB_SSBMEAN,2.98818246196908
benthic,1968,SSB_SSBMEAN,2.85528596346697
benthic,1969,SSB_SSBMEAN,2.05935683572504
benthic,1970,SSB_SSBMEAN,1.8907837613123
benthic,1971,SSB_SSBMEAN,1.80550976134179
benthic,1972,SSB_SSBMEAN,1.85738936958433
benthic,1973,SSB_SSBMEAN,1.5204074377612
benthic,1974,SSB_SSBMEAN,1.50986297761028
benthic,1975,SSB_SSBMEAN,1.53071637615875
benthic,1976,SSB_SSBMEAN,1.62823102505445
benthic,1977,SSB_SSBMEAN,1.58592353944891
benthic,1978,SSB_SSBMEAN,1.61302582708682
benthic,1979,SSB_SSBMEAN,1.55155248870697
benthic,1980,SSB_SSBMEAN,1.36281159086271
benthic,1981,SSB_SSBMEAN,1.08043227533895
benthic,1982,SSB_SSBMEAN,1.09998274161877
benthic,1983,SSB_SSBMEAN,1.16659054065211
benthic,1984,SSB_SSBMEAN,1.1083634895469
benthic,1985,SSB_SSBMEAN,1.17421689217172
benthic,1986,SSB_SSBMEAN,1.12964664163334
benthic,1987,SSB_SSBMEAN,1.25412491203372
benthic,1988,SSB_SSBMEAN,1.1619438261031
benthic,1989,SSB_SSBMEAN,1.20688884203764
benthic,1990,SSB_SSBMEAN,1.2640412529544
benthic,1991,SSB_SSBMEAN,1.09417326265562
benthic,1992,SSB_SSBMEAN,0.97782944905542
benthic,1993,SSB_SSBMEAN,0.853829298618138
benthic,1994,SSB_SSBMEAN,0.819521719908352
benthic,1995,SSB_SSBMEAN,0.758601382283915
benthic,1996,SSB_SSBMEAN,0.642856474573538
benthic,1997,SSB_SSBMEAN,0.62223439511963
benthic,1998,SSB_SSBMEAN,0.691363303270304
benthic,1999,SSB_SSBMEAN,0.672718669942679
benthic,2000,SSB_SSBMEAN,0.679049265301364
benthic,2001,SSB_SSBMEAN,0.660497992996229
benthic,2002,SSB_SSBMEAN,0.624575397411309
benthic,2003,SSB_SSBMEAN,0.678648412928319
benthic,2004,SSB_SSBMEAN,0.688881502351321
benthic,2005,SSB_SSBMEAN,0.718659204083675
benthic,2006,SSB_SSBMEAN,0.767661923250423
benthic,2007,SSB_SSBMEAN,0.780829038628496
benthic,2008,SSB_SSBMEAN,1.01173087573718
benthic,2009,SSB_SSBMEAN,1.21133113384362
benthic,2010,SSB_SSBMEAN,1.42794886415632
benthic,2011,SSB_SSBMEAN,1.46274155368661
benthic,2012,SSB_SSBMEAN,1.58132188318651
benthic,2013,SSB_SSBMEAN,1.82300892789033
benthic,2014,SSB_SSBMEAN,2.10136075589662
benthic,2015,SSB_SSBMEAN,1.9881879393695
benthic,2016,SSB_SSBMEAN,2.15295254558658
benthic,2017,SSB_SSBMEAN,2.30765495443848
benthic,2018,SSB_SSBMEAN,2.25673812654626
benthic,2019,SSB_SSBMEAN,2.65602273000872
crustacean,1992,F_FMEAN,0.217240584306265
crustacean,1993,F_FMEAN,1.13385569486302
crustacean,1994,F_FMEAN,1.68466569249116
crustacean,1995,F_FMEAN,0.329364756851434
crustacean,1996,F_FMEAN,2.23547569011931
crustacean,1997,F_FMEAN,1.10489028362219
crustacean,1998,F_FMEAN,1.93554352856098
crustacean,1999,F_FMEAN,1.43238630426453
crustacean,2000,F_FMEAN,1.35810403995336
crustacean,2001,F_FMEAN,1.24501880307209
crustacean,2002,F_FMEAN,0.98400974712587
crustacean,2003,F_FMEAN,0.728306567201879
crustacean,2004,F_FMEAN,0.773656790561666
crustacean,2005,F_FMEAN,0.904802028092176
crustacean,2006,F_FMEAN,1.41384577144724
crustacean,2007,F_FMEAN,1.12873001840381
crustacean,2008,F_FMEAN,0.805492046695026
crustacean,2009,F_FMEAN,1.28568383779338
crustacean,2010,F_FMEAN,0.887562936563356
crustacean,2011,F_FMEAN,0.892893840302669
crustacean,2012,F_FMEAN,0.995172108946215
crustacean,2013,F_FMEAN,0.811148310756457
crustacean,2014,F_FMEAN,0.954684771016233
crustacean,2015,F_FMEAN,0.630698470566575
crustacean,2016,F_FMEAN,0.611672400037817
crustacean,2017,F_FMEAN,0.681478457148165
crustacean,2018,F_FMEAN,0.555146049613288
crustacean,1992,F_FMSY,0.413333333333333
crustacean,1993,F_FMSY,1.205896918651
crustacean,1994,F_FMSY,1.61744937783786
crustacean,1995,F_FMSY,0.626666666666667
crustacean,1996,F_FMSY,2.12160756992825
crustacean,1997,F_FMSY,1.56290018832392
crustacean,1998,F_FMSY,1.90298415999445
crustacean,1999,F_FMSY,1.46072829364667
crustacean,2000,F_FMSY,1.41833849779904
crustacean,2001,F_FMSY,1.65015988942288
crustacean,2002,F_FMSY,1.30674966682538
crustacean,2003,F_FMSY,1.03391951454525
crustacean,2004,F_FMSY,1.02811146429722
crustacean,2005,F_FMSY,1.22628047461988
crustacean,2006,F_FMSY,1.92734066177234
crustacean,2007,F_FMSY,1.51180873234221
crustacean,2008,F_FMSY,0.985544022674095
crustacean,2009,F_FMSY,1.7640183091699
crustacean,2010,F_FMSY,1.18644765086925
crustacean,2011,F_FMSY,1.1544083399204
crustacean,2012,F_FMSY,1.3186587655845
crustacean,2013,F_FMSY,1.166992232889
crustacean,2014,F_FMSY,1.16775743641355
crustacean,2015,F_FMSY,0.811082953844968
crustacean,2016,F_FMSY,0.828802436850853
crustacean,2017,F_FMSY,0.851792241428642
crustacean,2018,F_FMSY,0.728777080696852
crustacean,1992,SSB_MSYBtrigger,1.44560896277557
crustacean,1993,SSB_MSYBtrigger,1.60187633633892
crustacean,1994,SSB_MSYBtrigger,2.01694187039775
crustacean,1995,SSB_MSYBtrigger,1.80701120346946
crustacean,1996,SSB_MSYBtrigger,1.44776743699676
crustacean,1997,SSB_MSYBtrigger,1.05613781472112
crustacean,1998,SSB_MSYBtrigger,1.22480847060641
crustacean,1999,SSB_MSYBtrigger,1.51783367190308
crustacean,2000,SSB_MSYBtrigger,1.47974938872834
crustacean,2001,SSB_MSYBtrigger,1.67548832021518
crustacean,2002,SSB_MSYBtrigger,1.74967414347604
crustacean,2003,SSB_MSYBtrigger,2.12937837385475
crustacean,2004,SSB_MSYBtrigger,2.03585693833812
crustacean,2005,SSB_MSYBtrigger,2.13335662568313
crustacean,2006,SSB_MSYBtrigger,1.98237802154177
crustacean,2007,SSB_MSYBtrigger,1.97515356490909
crustacean,2008,SSB_MSYBtrigger,2.1757793011931
crustacean,2009,SSB_MSYBtrigger,1.68591915606691
crustacean,2010,SSB_MSYBtrigger,1.66638720487125
crustacean,2011,SSB_MSYBtrigger,1.3265093929335
crustacean,2012,SSB_MSYBtrigger,1.23598243583748
crustacean,2013,SSB_MSYBtrigger,1.45421712735461
crustacean,2014,SSB_MSYBtrigger,1.16045511885873
crustacean,2015,SSB_MSYBtrigger,1.33682892108216
crustacean,2016,SSB_MSYBtrigger,1.63653524148331
crustacean,2017,SSB_MSYBtrigger,1.90339366459121
crustacean,2018,SSB_MSYBtrigger,2.16620430020279
crustacean,2019,SSB_MSYBtrigger,1.7619456498206
demersal,1963,F_FMEAN,0.77557858162189
demersal,1964,F_FMEAN,0.840210130090381
demersal,1965,F_FMEAN,0.937157452793117
demersal,1966,F_FMEAN,0.937157452793117
demersal,1967,F_FMEAN,0.857445209681978
demersal,1968,F_FMEAN,0.870371519375676
demersal,1969,F_FMEAN,0.841287322564855
demersal,1970,F_FMEAN,0.897301331237548
demersal,1971,F_FMEAN,0.981995589543132
demersal,1972,F_FMEAN,1.14882577402742
demersal,1973,F_FMEAN,1.11624070167456
demersal,1974,F_FMEAN,1.04272231529165
demersal,1975,F_FMEAN,1.2376941531716
demersal,1976,F_FMEAN,1.21561170744486
demersal,1977,F_FMEAN,1.13536086809649
demersal,1978,F_FMEAN,1.1478159060826
demersal,1979,F_FMEAN,1.1506435363281
demersal,1980,F_FMEAN,1.2629408517921
demersal,1981,F_FMEAN,1.20659022047114
demersal,1982,F_FMEAN,1.16134813654319
demersal,1983,F_FMEAN,1.24092573059502
demersal,1984,F_FMEAN,1.23026152509772
demersal,1985,F_FMEAN,1.2270299476743
demersal,1986,F_FMEAN,1.28793049311756
demersal,1987,F_FMEAN,1.23563769481124
demersal,1988,F_FMEAN,1.32274339536082
demersal,1989,F_FMEAN,1.43188257834284
demersal,1990,F_FMEAN,1.30085680281126
demersal,1991,F_FMEAN,1.27426973400945
demersal,1992,F_FMEAN,1.23020276914457
demersal,1993,F_FMEAN,1.20699416764907
demersal,1994,F_FMEAN,1.19829376689369
demersal,1995,F_FMEAN,1.0462231908337
demersal,1996,F_FMEAN,1.07242205065932
demersal,1997,F_FMEAN,1.07396089705142
demersal,1998,F_FMEAN,1.13762297229289
demersal,1999,F_FMEAN,1.20618627329321
demersal,2000,F_FMEAN,1.18709976913611
demersal,2001,F_FMEAN,1.13832314740129
demersal,2002,F_FMEAN,1.03622549817998
demersal,2003,F_FMEAN,0.89524793308308
demersal,2004,F_FMEAN,0.888481817852785
demersal,2005,F_FMEAN,0.974118619573535
demersal,2006,F_FMEAN,0.976138355463176
demersal,2007,F_FMEAN,0.844653549047589
demersal,2008,F_FMEAN,0.847784139676532
demersal,2009,F_FMEAN,0.791635481944531
demersal,2010,F_FMEAN,0.662776332185477
demersal,2011,F_FMEAN,0.563203352826208
demersal,2012,F_FMEAN,0.466256030123472
demersal,2013,F_FMEAN,0.575018807780604
demersal,2014,F_FMEAN,0.574715847397158
demersal,2015,F_FMEAN,0.610970106616202
demersal,2016,F_FMEAN,0.552902699789043
demersal,2017,F_FMEAN,0.714178610576824
demersal,2018,F_FMEAN,0.769438584517383
demersal,1963,F_FMSY,1.54838709677419
demersal,1964,F_FMSY,1.67741935483871
demersal,1965,F_FMSY,1.87096774193548
demersal,1966,F_FMSY,1.87096774193548
demersal,1967,F_FMSY,1.65656565656566
demersal,1968,F_FMSY,1.6911638377914
demersal,1969,F_FMSY,1.62901744719927
demersal,1970,F_FMSY,1.73707752006872
demersal,1971,F_FMSY,1.86172909761048
demersal,1972,F_FMSY,2.81329706276759
demersal,1973,F_FMSY,2.69377529255566
demersal,1974,F_FMSY,2.5215308527106
demersal,1975,F_FMSY,2.97683736931951
demersal,1976,F_FMSY,2.89442222505499
demersal,1977,F_FMSY,2.75377221652422
demersal,1978,F_FMSY,2.9549004833585
demersal,1979,F_FMSY,2.96325264922801
demersal,1980,F_FMSY,3.20000510916632
demersal,1981,F_FMSY,2.97533628798576
demersal,1982,F_FMSY,2.78551140343625
demersal,1983,F_FMSY,3.1241100749066
demersal,1984,F_FMSY,3.22218255030321
demersal,1985,F_FMSY,3.19654648160649
demersal,1986,F_FMSY,3.5666283788447
demersal,1987,F_FMSY,3.67969305880989
demersal,1988,F_FMSY,3.6013648874189
demersal,1989,F_FMSY,3.68631001076593
demersal,1990,F_FMSY,3.5394545921207
demersal,1991,F_FMSY,3.43253809299706
demersal,1992,F_FMSY,3.33818172456907
demersal,1993,F_FMSY,3.37281205290921
demersal,1994,F_FMSY,3.35336134547602
demersal,1995,F_FMSY,2.97232610304555
demersal,1996,F_FMSY,2.88557347912989
demersal,1997,F_FMSY,2.60864270412586
demersal,1998,F_FMSY,2.7412120133599
demersal,1999,F_FMSY,2.72410543085001
demersal,2000,F_FMSY,2.77448465698164
demersal,2001,F_FMSY,2.3689786254893
demersal,2002,F_FMSY,2.16581419519677
demersal,2003,F_FMSY,1.84539791647176
demersal,2004,F_FMSY,1.78741389058335
demersal,2005,F_FMSY,1.91607564499599
demersal,2006,F_FMSY,1.95859191692103
demersal,2007,F_FMSY,1.81087152398567
demersal,2008,F_FMSY,1.55561859360988
demersal,2009,F_FMSY,1.43779679143469
demersal,2010,F_FMSY,1.32566363513293
demersal,2011,F_FMSY,1.2291356035724
demersal,2012,F_FMSY,1.12271676439205
demersal,2013,F_FMSY,1.17828739908997
demersal,2014,F_FMSY,1.30772300620806
demersal,2015,F_FMSY,1.41081085846349
demersal,2016,F_FMSY,1.31560071136981
demersal,2017,F_FMSY,1.36790535984446
demersal,2018,F_FMSY,1.49295255126368
demersal,1963,SSB_MSYBtrigger,0.970233333333333
demersal,1964,SSB_MSYBtrigger,1.04742666666667
demersal,1965,SSB_MSYBtrigger,1.28060666666667
demersal,1966,SSB_MSYBtrigger,1.42268
demersal,1967,SSB_MSYBtrigger,1.41535919814112
demersal,1968,SSB_MSYBtrigger,1.60098508119194
demersal,1969,SSB_MSYBtrigger,1.73361717975202
demersal,1970,SSB_MSYBtrigger,1.9360710979952
demersal,1971,SSB_MSYBtrigger,1.90275279446967
demersal,1972,SSB_MSYBtrigger,1.96764125838046
demersal,1973,SSB_MSYBtrigger,1.88441386643035
demersal,1974,SSB_MSYBtrigger,2.09494794289249
demersal,1975,SSB_MSYBtrigger,1.55332012781741
demersal,1976,SSB_MSYBtrigger,1.43819095341211
demersal,1977,SSB_MSYBtrigger,1.71727345591954
demersal,1978,SSB_MSYBtrigger,1.31707688878556
demersal,1979,SSB_MSYBtrigger,1.25696556726932
demersal,1980,SSB_MSYBtrigger,1.29962164058168
demersal,1981,SSB_MSYBtrigger,1.43188740382621
demersal,1982,SSB_MSYBtrigger,1.81211359172591
demersal,1983,SSB_MSYBtrigger,1.45581348309732
demersal,1984,SSB_MSYBtrigger,1.23950336347407
demersal,1985,SSB_MSYBtrigger,1.11465336670091
demersal,1986,SSB_MSYBtrigger,1.29709963975398
demersal,1987,SSB_MSYBtrigger,1.00979097681058
demersal,1988,SSB_MSYBtrigger,1.00382654789658
demersal,1989,SSB_MSYBtrigger,1.18468117691303
demersal,1990,SSB_MSYBtrigger,0.880215357077011
demersal,1991,SSB_MSYBtrigger,0.706662839089042
demersal,1992,SSB_MSYBtrigger,0.684140345575859
demersal,1993,SSB_MSYBtrigger,0.833113729976662
demersal,1994,SSB_MSYBtrigger,0.88929319728669
demersal,1995,SSB_MSYBtrigger,0.996494767664367
demersal,1996,SSB_MSYBtrigger,1.04706802326398
demersal,1997,SSB_MSYBtrigger,1.30143308878026
demersal,1998,SSB_MSYBtrigger,1.09282042423039
demersal,1999,SSB_MSYBtrigger,0.970706713607009
demersal,2000,SSB_MSYBtrigger,0.871748511978923
demersal,2001,SSB_MSYBtrigger,0.985444696279757
demersal,2002,SSB_MSYBtrigger,1.7462407678147
demersal,2003,SSB_MSYBtrigger,1.48442018164463
demersal,2004,SSB_MSYBtrigger,1.42138771557678
demersal,2005,SSB_MSYBtrigger,1.16791648363958
demersal,2006,SSB_MSYBtrigger,0.989251343269207
demersal,2007,SSB_MSYBtrigger,0.993739112496948
demersal,2008,SSB_MSYBtrigger,1.20382674289051
demersal,2009,SSB_MSYBtrigger,1.31511316236669
demersal,2010,SSB_MSYBtrigger,1.43171705651204
demersal,2011,SSB_MSYBtrigger,1.99542866459481
demersal,2012,SSB_MSYBtrigger,2.14927937561721
demersal,2013,SSB_MSYBtrigger,1.78539090460932
demersal,2014,SSB_MSYBtrigger,1.52785984807568
demersal,2015,SSB_MSYBtrigger,1.72942477810789
demersal,2016,SSB_MSYBtrigger,1.61966595205249
demersal,2017,SSB_MSYBtrigger,1.7020065923708
demersal,2018,SSB_MSYBtrigger,1.48385775368883
demersal,2019,SSB_MSYBtrigger,1.43125948288443
demersal,1963,SSB_SSBMEAN,1.29921715303878
demersal,1964,SSB_SSBMEAN,1.40258497119273
demersal,1965,SSB_SSBMEAN,1.71483094887396
demersal,1966,SSB_SSBMEAN,1.9050780835729
demersal,1967,SSB_SSBMEAN,1.89253539555957
demersal,1968,SSB_SSBMEAN,2.14005931765601
demersal,1969,SSB_SSBMEAN,2.31647527468331
demersal,1970,SSB_SSBMEAN,2.58632904988818
demersal,1971,SSB_SSBMEAN,2.23619388814962
demersal,1972,SSB_SSBMEAN,2.32319446555736
demersal,1973,SSB_SSBMEAN,2.23338554608258
demersal,1974,SSB_SSBMEAN,2.50155357211555
demersal,1975,SSB_SSBMEAN,1.85942894823044
demersal,1976,SSB_SSBMEAN,1.69600947753724
demersal,1977,SSB_SSBMEAN,1.97606106812091
demersal,1978,SSB_SSBMEAN,1.47009119106517
demersal,1979,SSB_SSBMEAN,1.37433044623745
demersal,1980,SSB_SSBMEAN,1.41744091474446
demersal,1981,SSB_SSBMEAN,1.57652772737185
demersal,1982,SSB_SSBMEAN,2.00022173707754
demersal,1983,SSB_SSBMEAN,1.80868507121596
demersal,1984,SSB_SSBMEAN,1.30454221595689
demersal,1985,SSB_SSBMEAN,1.43955420934276
demersal,1986,SSB_SSBMEAN,1.3524832018946
demersal,1987,SSB_SSBMEAN,1.94691653036364
demersal,1988,SSB_SSBMEAN,1.58614483644943
demersal,1989,SSB_SSBMEAN,1.04199993649839
demersal,1990,SSB_SSBMEAN,0.973742717601665
demersal,1991,SSB_SSBMEAN,1.07208047556108
demersal,1992,SSB_SSBMEAN,0.96505900606866
demersal,1993,SSB_SSBMEAN,1.20815167574213
demersal,1994,SSB_SSBMEAN,1.05380622579681
demersal,1995,SSB_SSBMEAN,1.25711402115551
demersal,1996,SSB_SSBMEAN,1.28697161259099
demersal,1997,SSB_SSBMEAN,1.14598465757714
demersal,1998,SSB_SSBMEAN,1.55414170742209
demersal,1999,SSB_SSBMEAN,0.974959356986355
demersal,2000,SSB_SSBMEAN,0.701532329167868
demersal,2001,SSB_SSBMEAN,0.731314592207625
demersal,2002,SSB_SSBMEAN,1.29311929389835
demersal,2003,SSB_SSBMEAN,1.22726705731536
demersal,2004,SSB_SSBMEAN,0.92868799719228
demersal,2005,SSB_SSBMEAN,0.852698650055029
demersal,2006,SSB_SSBMEAN,0.717202505936118
demersal,2007,SSB_SSBMEAN,0.710225617130414
demersal,2008,SSB_SSBMEAN,0.946179913842325
demersal,2009,SSB_SSBMEAN,0.914093843196418
demersal,2010,SSB_SSBMEAN,0.99670180164547
demersal,2011,SSB_SSBMEAN,1.34578787093822
demersal,2012,SSB_SSBMEAN,1.24725025235324
demersal,2013,SSB_SSBMEAN,1.0503428461688
demersal,2014,SSB_SSBMEAN,0.987990659322763
demersal,2015,SSB_SSBMEAN,1.04554776017481
demersal,2016,SSB_SSBMEAN,1.24676520890219
demersal,2017,SSB_SSBMEAN,1.20017425606123
demersal,2018,SSB_SSBMEAN,1.28926691812088
demersal,2019,SSB_SSBMEAN,1.17946604646965
elasmobranch,1905,SSB_MSYBtrigger,2.37559633564551
elasmobranch,1906,SSB_MSYBtrigger,2.36525009512102
elasmobranch,1907,SSB_MSYBtrigger,2.3626159744783
elasmobranch,1908,SSB_MSYBtrigger,2.36125501214622
elasmobranch,1909,SSB_MSYBtrigger,2.36005502385343
elasmobranch,1910,SSB_MSYBtrigger,2.35809406737495
elasmobranch,1911,SSB_MSYBtrigger,2.35695261509644
elasmobranch,1912,SSB_MSYBtrigger,2.35535750870723
elasmobranch,1913,SSB_MSYBtrigger,2.35212339391811
elasmobranch,1914,SSB_MSYBtrigger,2.34787953288261
elasmobranch,1915,SSB_MSYBtrigger,2.3459332104077
elasmobranch,1916,SSB_MSYBtrigger,2.34420639798636
elasmobranch,1917,SSB_MSYBtrigger,2.34559662832558
elasmobranch,1918,SSB_MSYBtrigger,2.34727953873621
elasmobranch,1919,SSB_MSYBtrigger,2.34877220710042
elasmobranch,1920,SSB_MSYBtrigger,2.34707466268622
elasmobranch,1921,SSB_MSYBtrigger,2.34300640969356
elasmobranch,1922,SSB_MSYBtrigger,2.33784060643311
elasmobranch,1923,SSB_MSYBtrigger,2.3328504112155
elasmobranch,1924,SSB_MSYBtrigger,2.32780167998361
elasmobranch,1925,SSB_MSYBtrigger,2.3220651505839
elasmobranch,1926,SSB_MSYBtrigger,2.31616764714491
elasmobranch,1927,SSB_MSYBtrigger,2.30984575760236
elasmobranch,1928,SSB_MSYBtrigger,2.3023385137706
elasmobranch,1929,SSB_MSYBtrigger,2.29370445166389
elasmobranch,1930,SSB_MSYBtrigger,2.28588989375713
elasmobranch,1931,SSB_MSYBtrigger,2.2748704890684
elasmobranch,1932,SSB_MSYBtrigger,2.26461205256534
elasmobranch,1933,SSB_MSYBtrigger,2.2480024585126
elasmobranch,1934,SSB_MSYBtrigger,2.22726607545292
elasmobranch,1935,SSB_MSYBtrigger,2.20746626862177
elasmobranch,1936,SSB_MSYBtrigger,2.18605672139784
elasmobranch,1937,SSB_MSYBtrigger,2.16776421693447
elasmobranch,1938,SSB_MSYBtrigger,2.14619369567126
elasmobranch,1939,SSB_MSYBtrigger,2.13404747270758
elasmobranch,1940,SSB_MSYBtrigger,2.11991102525829
elasmobranch,1941,SSB_MSYBtrigger,2.1220036877689
elasmobranch,1942,SSB_MSYBtrigger,2.12525243656159
elasmobranch,1943,SSB_MSYBtrigger,2.12580852869728
elasmobranch,1944,SSB_MSYBtrigger,2.12996458571136
elasmobranch,1945,SSB_MSYBtrigger,2.13407674071472
elasmobranch,1946,SSB_MSYBtrigger,2.140032780168
elasmobranch,1947,SSB_MSYBtrigger,2.13985717212515
elasmobranch,1948,SSB_MSYBtrigger,2.13101823396845
elasmobranch,1949,SSB_MSYBtrigger,2.11878420698335
elasmobranch,1950,SSB_MSYBtrigger,2.10198437088419
elasmobranch,1951,SSB_MSYBtrigger,2.08338455234583
elasmobranch,1952,SSB_MSYBtrigger,2.0503409722832
elasmobranch,1953,SSB_MSYBtrigger,2.01104867269588
elasmobranch,1954,SSB_MSYBtrigger,1.97667339830831
elasmobranch,1955,SSB_MSYBtrigger,1.94024936342084
elasmobranch,1956,SSB_MSYBtrigger,1.90148388796207
elasmobranch,1957,SSB_MSYBtrigger,1.8585184534785
elasmobranch,1958,SSB_MSYBtrigger,1.8189188398162
elasmobranch,1959,SSB_MSYBtrigger,1.77345099072204
elasmobranch,1960,SSB_MSYBtrigger,1.73304650686335
elasmobranch,1961,SSB_MSYBtrigger,1.68384698685866
elasmobranch,1962,SSB_MSYBtrigger,1.62994995170779
elasmobranch,1963,SSB_MSYBtrigger,1.57734070887113
elasmobranch,1964,SSB_MSYBtrigger,1.51769251031697
elasmobranch,1965,SSB_MSYBtrigger,1.46133257236515
elasmobranch,1966,SSB_MSYBtrigger,1.42073491965932
elasmobranch,1967,SSB_MSYBtrigger,1.38934205519946
elasmobranch,1968,SSB_MSYBtrigger,1.35510434044546
elasmobranch,1969,SSB_MSYBtrigger,1.30253460941844
elasmobranch,1970,SSB_MSYBtrigger,1.25584774782685
elasmobranch,1971,SSB_MSYBtrigger,1.21552228758744
elasmobranch,1972,SSB_MSYBtrigger,1.17800509263324
elasmobranch,1973,SSB_MSYBtrigger,1.13351040477654
elasmobranch,1974,SSB_MSYBtrigger,1.09079082155296
elasmobranch,1975,SSB_MSYBtrigger,1.05410776480229
elasmobranch,1976,SSB_MSYBtrigger,1.02061345742968
elasmobranch,1977,SSB_MSYBtrigger,0.987763046214183
elasmobranch,1978,SSB_MSYBtrigger,0.957172125149998
elasmobranch,1979,SSB_MSYBtrigger,0.918296894664442
elasmobranch,1980,SSB_MSYBtrigger,0.89191471302719
elasmobranch,1981,SSB_MSYBtrigger,0.860419410542336
elasmobranch,1982,SSB_MSYBtrigger,0.829487517194954
elasmobranch,1983,SSB_MSYBtrigger,0.808941376181696
elasmobranch,1984,SSB_MSYBtrigger,0.77982409927708
elasmobranch,1985,SSB_MSYBtrigger,0.751643398600989
elasmobranch,1986,SSB_MSYBtrigger,0.717408610647701
elasmobranch,1987,SSB_MSYBtrigger,0.693498112213539
elasmobranch,1988,SSB_MSYBtrigger,0.65174290982527
elasmobranch,1989,SSB_MSYBtrigger,0.619897854655077
elasmobranch,1990,SSB_MSYBtrigger,0.594803465332046
elasmobranch,1991,SSB_MSYBtrigger,0.570856381888957
elasmobranch,1992,SSB_MSYBtrigger,0.546644422981239
elasmobranch,1993,SSB_MSYBtrigger,0.522019785172828
elasmobranch,1994,SSB_MSYBtrigger,0.502219978341675
elasmobranch,1995,SSB_MSYBtrigger,0.488320601750227
elasmobranch,1996,SSB_MSYBtrigger,0.473632452366318
elasmobranch,1997,SSB_MSYBtrigger,0.464404249714637
elasmobranch,1998,SSB_MSYBtrigger,0.457292123979278
elasmobranch,1999,SSB_MSYBtrigger,0.451431205549214
elasmobranch,2000,SSB_MSYBtrigger,0.447199051716569
elasmobranch,2001,SSB_MSYBtrigger,0.437293294699564
elasmobranch,2002,SSB_MSYBtrigger,0.426117306172623
elasmobranch,2003,SSB_MSYBtrigger,0.423282699680979
elasmobranch,2004,SSB_MSYBtrigger,0.418921766616911
elasmobranch,2005,SSB_MSYBtrigger,0.418924693417625
elasmobranch,2006,SSB_MSYBtrigger,0.420181754324348
elasmobranch,2007,SSB_MSYBtrigger,0.428135335265022
elasmobranch,2008,SSB_MSYBtrigger,0.438225480727017
elasmobranch,2009,SSB_MSYBtrigger,0.450436093306407
elasmobranch,2010,SSB_MSYBtrigger,0.462596950273656
elasmobranch,2011,SSB_MSYBtrigger,0.473635379167033
elasmobranch,2012,SSB_MSYBtrigger,0.484780636286475
elasmobranch,2013,SSB_MSYBtrigger,0.496484912342319
elasmobranch,2014,SSB_MSYBtrigger,0.508162847191735
elasmobranch,2015,SSB_MSYBtrigger,0.52019053472649
elasmobranch,2016,SSB_MSYBtrigger,0.532734802587292
elasmobranch,2017,SSB_MSYBtrigger,0.54545028828987
elasmobranch,2018,SSB_MSYBtrigger,0.558237480609945
elasmobranch,2001,SSB_SSBMEAN,2.30564115785796e-05
elasmobranch,2002,SSB_SSBMEAN,3.05710938708574e-05
elasmobranch,2003,SSB_SSBMEAN,4.83757672565384e-05
elasmobranch,2004,SSB_SSBMEAN,7.90749523028323e-05
elasmobranch,2005,SSB_SSBMEAN,9.70931109809075e-05
elasmobranch,2006,SSB_SSBMEAN,6.22950083206438e-05
elasmobranch,2007,SSB_SSBMEAN,7.64704317356224e-05
elasmobranch,2008,SSB_SSBMEAN,8.30884757998443e-05
elasmobranch,2009,SSB_SSBMEAN,0.000103796549162087
elasmobranch,2010,SSB_SSBMEAN,0.000127706901910244
elasmobranch,2011,SSB_SSBMEAN,0.000111183140278928
elasmobranch,2012,SSB_SSBMEAN,0.000252040736200658
elasmobranch,2013,SSB_SSBMEAN,0.000186842327903453
elasmobranch,2014,SSB_SSBMEAN,0.000218139271768451
elasmobranch,2015,SSB_SSBMEAN,0.000268479103715016
elasmobranch,2016,SSB_SSBMEAN,0.0002311618746045
elasmobranch,2017,SSB_SSBMEAN,0.000164340978085098
elasmobranch,2018,SSB_SSBMEAN,0.000261946453767752
pelagic,1947,F_FMEAN,0.302407477712176
pelagic,1948,F_FMEAN,0.302407477712176
pelagic,1949,F_FMEAN,0.332648225483394
pelagic,1950,F_FMEAN,0.347768599369003
pelagic,1951,F_FMEAN,0.420850406482779
pelagic,1952,F_FMEAN,0.428410593425583
pelagic,1953,F_FMEAN,0.44605102962546
pelagic,1954,F_FMEAN,0.498972338225091
pelagic,1955,F_FMEAN,0.491412151282286
pelagic,1956,F_FMEAN,0.496452275910823
pelagic,1957,F_FMEAN,0.529213085996308
pelagic,1958,F_FMEAN,0.551893646824722
pelagic,1959,F_FMEAN,0.602294893110084
pelagic,1960,F_FMEAN,0.524172961367772
pelagic,1961,F_FMEAN,0.614895204681425
pelagic,1962,F_FMEAN,0.690497074109469
pelagic,1963,F_FMEAN,0.488892088968018
pelagic,1964,F_FMEAN,0.71569769725215
pelagic,1965,F_FMEAN,1.1945095369631
pelagic,1966,F_FMEAN,1.21719009779151
pelagic,1967,F_FMEAN,1.61283988113161
pelagic,1968,F_FMEAN,2.4595808187257
pelagic,1969,F_FMEAN,2.19245421341328
pelagic,1970,F_FMEAN,2.35625826384071
pelagic,1971,F_FMEAN,3.21811957532041
pelagic,1972,F_FMEAN,1.6607210651027
pelagic,1973,F_FMEAN,2.20253446267035
pelagic,1974,F_FMEAN,2.54904303088222
pelagic,1975,F_FMEAN,3.34916281566235
pelagic,1976,F_FMEAN,3.10849686464974
pelagic,1977,F_FMEAN,2.2819164255698
pelagic,1978,F_FMEAN,1.53975807401783
pelagic,1979,F_FMEAN,1.06220626546402
pelagic,1980,F_FMEAN,1.76530365114483
pelagic,1981,F_FMEAN,0.993408564284499
pelagic,1982,F_FMEAN,0.773659130480317
pelagic,1983,F_FMEAN,1.0836267951353
pelagic,1984,F_FMEAN,1.20566981292628
pelagic,1985,F_FMEAN,1.35939361409664
pelagic,1986,F_FMEAN,1.19774961708144
pelagic,1987,F_FMEAN,0.932783065181248
pelagic,1988,F_FMEAN,1.0338555644285
pelagic,1989,F_FMEAN,0.76767398248393
pelagic,1990,F_FMEAN,1.1198526909029
pelagic,1991,F_FMEAN,0.852341076070245
pelagic,1992,F_FMEAN,0.888741976165229
pelagic,1993,F_FMEAN,1.14970842915388
pelagic,1994,F_FMEAN,0.899942253117532
pelagic,1995,F_FMEAN,1.12562783370643
pelagic,1996,F_FMEAN,1.04890593658316
pelagic,1997,F_FMEAN,0.955103617107623
pelagic,1998,F_FMEAN,1.15222849146815
pelagic,1999,F_FMEAN,0.94166328476486
pelagic,2000,F_FMEAN,1.12674786140166
pelagic,2001,F_FMEAN,1.12506781985882
pelagic,2002,F_FMEAN,1.1723889899823
pelagic,2003,F_FMEAN,1.04526584657366
pelagic,2004,F_FMEAN,1.20654983468682
pelagic,2005,F_FMEAN,0.958743707117121
pelagic,2006,F_FMEAN,1.11666761214459
pelagic,2007,F_FMEAN,1.02202527189763
pelagic,2008,F_FMEAN,0.938303201679169
pelagic,2009,F_FMEAN,0.751538583499519
pelagic,2010,F_FMEAN,0.756858715051863
pelagic,2011,F_FMEAN,0.662216374804904
pelagic,2012,F_FMEAN,0.830780542937062
pelagic,2013,F_FMEAN,0.776935211488866
pelagic,2014,F_FMEAN,0.655468207941142
pelagic,2015,F_FMEAN,0.885297891002396
pelagic,2016,F_FMEAN,1.16830088889471
pelagic,2017,F_FMEAN,0.90470237082226
pelagic,2018,F_FMEAN,0.96203378847186
pelagic,2019,F_FMEAN,0.844220875279825
pelagic,1947,F_FMSY,0.461538461538462
pelagic,1948,F_FMSY,0.461538461538462
pelagic,1949,F_FMSY,0.507692307692308
pelagic,1950,F_FMSY,0.530769230769231
pelagic,1951,F_FMSY,0.642307692307692
pelagic,1952,F_FMSY,0.653846153846154
pelagic,1953,F_FMSY,0.680769230769231
pelagic,1954,F_FMSY,0.761538461538461
pelagic,1955,F_FMSY,0.75
pelagic,1956,F_FMSY,0.757692307692308
pelagic,1957,F_FMSY,0.807692307692308
pelagic,1958,F_FMSY,0.842307692307692
pelagic,1959,F_FMSY,0.919230769230769
pelagic,1960,F_FMSY,0.8
pelagic,1961,F_FMSY,0.938461538461538
pelagic,1962,F_FMSY,1.05384615384615
pelagic,1963,F_FMSY,0.746153846153846
pelagic,1964,F_FMSY,1.09230769230769
pelagic,1965,F_FMSY,1.82307692307692
pelagic,1966,F_FMSY,1.85769230769231
pelagic,1967,F_FMSY,2.46153846153846
pelagic,1968,F_FMSY,3.75384615384615
pelagic,1969,F_FMSY,3.34615384615385
pelagic,1970,F_FMSY,3.59615384615385
pelagic,1971,F_FMSY,4.91153846153846
pelagic,1972,F_FMSY,2.53461538461538
pelagic,1973,F_FMSY,3.36153846153846
pelagic,1974,F_FMSY,3.36538461538462
pelagic,1975,F_FMSY,4.03461538461538
pelagic,1976,F_FMSY,3.13076923076923
pelagic,1977,F_FMSY,1.41923076923077
pelagic,1978,F_FMSY,1.01923076923077
pelagic,1979,F_FMSY,0.834615384615385
pelagic,1980,F_FMSY,0.901226309921962
pelagic,1981,F_FMSY,0.896893290133779
pelagic,1982,F_FMSY,0.726654444996836
pelagic,1983,F_FMSY,0.799994407032451
pelagic,1984,F_FMSY,0.890460713640061
pelagic,1985,F_FMSY,0.970011524902829
pelagic,1986,F_FMSY,1.02133654976046
pelagic,1987,F_FMSY,1.02485418738136
pelagic,1988,F_FMSY,0.912554148775504
pelagic,1989,F_FMSY,0.955795739161237
pelagic,1990,F_FMSY,0.955297193915738
pelagic,1991,F_FMSY,0.983868818611507
pelagic,1992,F_FMSY,1.06113616046683
pelagic,1993,F_FMSY,1.18833752338123
pelagic,1994,F_FMSY,1.26792998576444
pelagic,1995,F_FMSY,1.45698158004641
pelagic,1996,F_FMSY,1.34409003708032
pelagic,1997,F_FMSY,1.44172781525304
pelagic,1998,F_FMSY,1.37880117550276
pelagic,1999,F_FMSY,1.39584525221328
pelagic,2000,F_FMSY,1.42692037898941
pelagic,2001,F_FMSY,1.43110933004189
pelagic,2002,F_FMSY,1.44155054060562
pelagic,2003,F_FMSY,1.39809039990218
pelagic,2004,F_FMSY,1.33440179130869
pelagic,2005,F_FMSY,1.30932279815866
pelagic,2006,F_FMSY,1.23619982146837
pelagic,2007,F_FMSY,1.21441752126761
pelagic,2008,F_FMSY,1.20806133322612
pelagic,2009,F_FMSY,1.13738001952848
pelagic,2010,F_FMSY,1.11220533382682
pelagic,2011,F_FMSY,0.991659702860358
pelagic,2012,F_FMSY,1.00084204355623
pelagic,2013,F_FMSY,1.05489230871969
pelagic,2014,F_FMSY,1.09547049640291
pelagic,2015,F_FMSY,1.08827032686007
pelagic,2016,F_FMSY,1.08592326910196
pelagic,2017,F_FMSY,1.11793547957579
pelagic,2018,F_FMSY,1.07282955675009
pelagic,2019,F_FMSY,1.046875
pelagic,1947,SSB_MSYBtrigger,3.92794785714286
pelagic,1948,SSB_MSYBtrigger,3.19612285714286
pelagic,1949,SSB_MSYBtrigger,3.10023071428571
pelagic,1950,SSB_MSYBtrigger,3.06640285714286
pelagic,1951,SSB_MSYBtrigger,2.93602214285714
pelagic,1952,SSB_MSYBtrigger,2.93980214285714
pelagic,1953,SSB_MSYBtrigger,2.78075142857143
pelagic,1954,SSB_MSYBtrigger,2.60718285714286
pelagic,1955,SSB_MSYBtrigger,2.53307357142857
pelagic,1956,SSB_MSYBtrigger,2.34288857142857
pelagic,1957,SSB_MSYBtrigger,2.11496785714286
pelagic,1958,SSB_MSYBtrigger,1.71975071428571
pelagic,1959,SSB_MSYBtrigger,2.55919857142857
pelagic,1960,SSB_MSYBtrigger,2.11650857142857
pelagic,1961,SSB_MSYBtrigger,2.03836857142857
pelagic,1962,SSB_MSYBtrigger,1.42638857142857
pelagic,1963,SSB_MSYBtrigger,2.06498785714286
pelagic,1964,SSB_MSYBtrigger,1.88390785714286
pelagic,1965,SSB_MSYBtrigger,1.51965428571429
pelagic,1966,SSB_MSYBtrigger,1.16224928571429
pelagic,1967,SSB_MSYBtrigger,0.735865
pelagic,1968,SSB_MSYBtrigger,0.409014285714286
pelagic,1969,SSB_MSYBtrigger,0.353900714285714
pelagic,1970,SSB_MSYBtrigger,0.340027142857143
pelagic,1971,SSB_MSYBtrigger,0.233744285714286
pelagic,1972,SSB_MSYBtrigger,0.237837142857143
pelagic,1973,SSB_MSYBtrigger,0.212011428571429
pelagic,1974,SSB_MSYBtrigger,0.142428571428571
pelagic,1975,SSB_MSYBtrigger,0.0814507142857143
pelagic,1976,SSB_MSYBtrigger,0.109283571428571
pelagic,1977,SSB_MSYBtrigger,0.0736135714285714
pelagic,1978,SSB_MSYBtrigger,0.0976614285714286
pelagic,1979,SSB_MSYBtrigger,0.129230714285714
pelagic,1980,SSB_MSYBtrigger,1.14802297142857
pelagic,1981,SSB_MSYBtrigger,1.09252396428571
pelagic,1982,SSB_MSYBtrigger,1.22195646844707
pelagic,1983,SSB_MSYBtrigger,1.27847601098813
pelagic,1984,SSB_MSYBtrigger,1.39823560690524
pelagic,1985,SSB_MSYBtrigger,1.51526196306559
pelagic,1986,SSB_MSYBtrigger,1.69771971154827
pelagic,1987,SSB_MSYBtrigger,1.83259928345016
pelagic,1988,SSB_MSYBtrigger,1.6713881984488
pelagic,1989,SSB_MSYBtrigger,1.67369723781314
pelagic,1990,SSB_MSYBtrigger,1.65825902325034
pelagic,1991,SSB_MSYBtrigger,1.64724696465131
pelagic,1992,SSB_MSYBtrigger,1.57084432065037
pelagic,1993,SSB_MSYBtrigger,1.41997964560765
pelagic,1994,SSB_MSYBtrigger,1.27627559786377
pelagic,1995,SSB_MSYBtrigger,1.1906259557365
pelagic,1996,SSB_MSYBtrigger,1.10823567948324
pelagic,1997,SSB_MSYBtrigger,1.19060070760899
pelagic,1998,SSB_MSYBtrigger,1.25885471302895
pelagic,1999,SSB_MSYBtrigger,1.31410165770387
pelagic,2000,SSB_MSYBtrigger,1.24149608809868
pelagic,2001,SSB_MSYBtrigger,1.25846017129832
pelagic,2002,SSB_MSYBtrigger,1.32944804597279
pelagic,2003,SSB_MSYBtrigger,1.40564842097352
pelagic,2004,SSB_MSYBtrigger,1.51607753779604
pelagic,2005,SSB_MSYBtrigger,1.44822034724255
pelagic,2006,SSB_MSYBtrigger,1.39389668564916
pelagic,2007,SSB_MSYBtrigger,1.33268007695396
pelagic,2008,SSB_MSYBtrigger,1.29276308200345
pelagic,2009,SSB_MSYBtrigger,1.31895904232446
pelagic,2010,SSB_MSYBtrigger,1.3075470358316
pelagic,2011,SSB_MSYBtrigger,1.36630671867874
pelagic,2012,SSB_MSYBtrigger,1.37735086475737
pelagic,2013,SSB_MSYBtrigger,1.40384737494166
pelagic,2014,SSB_MSYBtrigger,1.50612881040367
pelagic,2015,SSB_MSYBtrigger,1.4558087865261
pelagic,2016,SSB_MSYBtrigger,1.49206237930477
pelagic,2017,SSB_MSYBtrigger,1.50162361013997
pelagic,2018,SSB_MSYBtrigger,1.42105801765997
pelagic,2019,SSB_MSYBtrigger,1.20560172635108
pelagic,2020,SSB_MSYBtrigger,1.92239377777778
pelagic,1947,SSB_SSBMEAN,3.20225402853906
pelagic,1948,SSB_SSBMEAN,2.60563471492622
pelagic,1949,SSB_SSBMEAN,2.52745877880448
pelagic,1950,SSB_SSBMEAN,2.499880665308
pelagic,1951,SSB_SSBMEAN,2.3935879692871
pelagic,1952,SSB_SSBMEAN,2.39666960903083
pelagic,1953,SSB_SSBMEAN,2.26700373537692
pelagic,1954,SSB_SSBMEAN,2.12550219887505
pelagic,1955,SSB_SSBMEAN,2.06508470674894
pelagic,1956,SSB_SSBMEAN,1.91003664996014
pelagic,1957,SSB_SSBMEAN,1.72422460457321
pelagic,1958,SSB_SSBMEAN,1.40202437842699
pelagic,1959,SSB_SSBMEAN,2.08638307667089
pelagic,1960,SSB_SSBMEAN,1.72548066975221
pelagic,1961,SSB_SSBMEAN,1.66177714340956
pelagic,1962,SSB_SSBMEAN,1.1628612993966
pelagic,1963,SSB_SSBMEAN,1.68347847907276
pelagic,1964,SSB_SSBMEAN,1.53585326087303
pelagic,1965,SSB_SSBMEAN,1.23889604327765
pelagic,1966,SSB_SSBMEAN,0.947522114016153
pelagic,1967,SSB_SSBMEAN,0.59991291799503
pelagic,1968,SSB_SSBMEAN,0.333448327674927
pelagic,1969,SSB_SSBMEAN,0.288517065205803
pelagic,1970,SSB_SSBMEAN,0.277206655390515
pelagic,1971,SSB_SSBMEAN,0.190559703896124
pelagic,1972,SSB_SSBMEAN,0.193896399990527
pelagic,1973,SSB_SSBMEAN,0.172842022330972
pelagic,1974,SSB_SSBMEAN,0.234388342620963
pelagic,1975,SSB_SSBMEAN,0.209356134067712
pelagic,1976,SSB_SSBMEAN,0.189347895070216
pelagic,1977,SSB_SSBMEAN,0.128339930022681
pelagic,1978,SSB_SSBMEAN,0.152919384437467
pelagic,1979,SSB_SSBMEAN,0.233111313906298
pelagic,1980,SSB_SSBMEAN,1.29272035785493
pelagic,1981,SSB_SSBMEAN,1.24352444256169
pelagic,1982,SSB_SSBMEAN,1.18578715788188
pelagic,1983,SSB_SSBMEAN,1.21646971867248
pelagic,1984,SSB_SSBMEAN,1.13305872183718
pelagic,1985,SSB_SSBMEAN,1.19621278725478
pelagic,1986,SSB_SSBMEAN,1.25115704960929
pelagic,1987,SSB_SSBMEAN,1.30774403791185
pelagic,1988,SSB_SSBMEAN,1.30613767579527
pelagic,1989,SSB_SSBMEAN,1.34033043990665
pelagic,1990,SSB_SSBMEAN,1.34602728072542
pelagic,1991,SSB_SSBMEAN,1.07665021474804
pelagic,1992,SSB_SSBMEAN,0.958399089443936
pelagic,1993,SSB_SSBMEAN,0.883195375373759
pelagic,1994,SSB_SSBMEAN,0.82728063466903
pelagic,1995,SSB_SSBMEAN,0.802110323054277
pelagic,1996,SSB_SSBMEAN,0.796213668930512
pelagic,1997,SSB_SSBMEAN,0.871265012029756
pelagic,1998,SSB_SSBMEAN,0.967052421986473
pelagic,1999,SSB_SSBMEAN,1.00627477663395
pelagic,2000,SSB_SSBMEAN,0.94065890532314
pelagic,2001,SSB_SSBMEAN,0.919689397849554
pelagic,2002,SSB_SSBMEAN,0.936382029540151
pelagic,2003,SSB_SSBMEAN,1.03624743543452
pelagic,2004,SSB_SSBMEAN,1.15766998550574
pelagic,2005,SSB_SSBMEAN,1.10379704928965
pelagic,2006,SSB_SSBMEAN,1.05637875320278
pelagic,2007,SSB_SSBMEAN,1.06063697715635
pelagic,2008,SSB_SSBMEAN,1.04881872124261
pelagic,2009,SSB_SSBMEAN,1.08317551623287
pelagic,2010,SSB_SSBMEAN,1.08797135556431
pelagic,2011,SSB_SSBMEAN,1.12671070066222
pelagic,2012,SSB_SSBMEAN,1.13163866204198
pelagic,2013,SSB_SSBMEAN,1.04981073046742
pelagic,2014,SSB_SSBMEAN,1.13008599188308
pelagic,2015,SSB_SSBMEAN,1.10413178155447
pelagic,2016,SSB_SSBMEAN,1.10422034278735
pelagic,2017,SSB_SSBMEAN,1.13014178875961
pelagic,2018,SSB_SSBMEAN,1.07675033368281
pelagic,2019,SSB_SSBMEAN,0.919146731053656
pelagic,2020,SSB_SSBMEAN,2.51876065846205
MEAN,1947,F_FMEAN,0.302407477712176
MEAN,1948,F_FMEAN,0.302407477712176
MEAN,1949,F_FMEAN,0.332648225483394
MEAN,1950,F_FMEAN,0.456623952582946
MEAN,1951,F_FMEAN,0.505666949635343
MEAN,1952,F_FMEAN,0.518102338603637
MEAN,1953,F_FMEAN,0.520190660205993
MEAN,1954,F_FMEAN,0.518762029015826
MEAN,1955,F_FMEAN,0.529407428039242
MEAN,1956,F_FMEAN,0.529042391854547
MEAN,1957,F_FMEAN,0.470317448862135
MEAN,1958,F_FMEAN,0.514488921319029
MEAN,1959,F_FMEAN,0.556228045021282
MEAN,1960,F_FMEAN,0.574943806552831
MEAN,1961,F_FMEAN,0.608977603931646
MEAN,1962,F_FMEAN,0.638247373496999
MEAN,1963,F_FMEAN,0.666132692628805
MEAN,1964,F_FMEAN,0.718334876778681
MEAN,1965,F_FMEAN,0.790161518797637
MEAN,1966,F_FMEAN,0.786745542153434
MEAN,1967,F_FMEAN,0.84392910399474
MEAN,1968,F_FMEAN,0.988909198275249
MEAN,1969,F_FMEAN,0.910551269753132
MEAN,1970,F_FMEAN,0.942581837998097
MEAN,1971,F_FMEAN,1.04743951426557
MEAN,1972,F_FMEAN,0.991314896516212
MEAN,1973,F_FMEAN,1.04236595792671
MEAN,1974,F_FMEAN,1.15366978984224
MEAN,1975,F_FMEAN,1.34507485011884
MEAN,1976,F_FMEAN,1.28872800116722
MEAN,1977,F_FMEAN,1.12223852886867
MEAN,1978,F_FMEAN,1.05140140150366
MEAN,1979,F_FMEAN,1.01572117879906
MEAN,1980,F_FMEAN,1.23810837330936
MEAN,1981,F_FMEAN,1.04274493891832
MEAN,1982,F_FMEAN,1.02074877410136
MEAN,1983,F_FMEAN,1.15160428222308
MEAN,1984,F_FMEAN,1.14576161537851
MEAN,1985,F_FMEAN,1.16601906368934
MEAN,1986,F_FMEAN,1.13082682031143
MEAN,1987,F_FMEAN,1.12515390735898
MEAN,1988,F_FMEAN,1.15001449675645
MEAN,1989,F_FMEAN,1.16656981159632
MEAN,1990,F_FMEAN,1.18705553586165
MEAN,1991,F_FMEAN,1.12835017890431
MEAN,1992,F_FMEAN,1.05659198480325
MEAN,1993,F_FMEAN,1.15784772474331
MEAN,1994,F_FMEAN,1.16574545230474
MEAN,1995,F_FMEAN,1.08370057778688
MEAN,1996,F_FMEAN,1.22158633996195
MEAN,1997,F_FMEAN,1.14202842628909
MEAN,1998,F_FMEAN,1.26421304363293
MEAN,1999,F_FMEAN,1.19915876351253
MEAN,2000,F_FMEAN,1.19613159433622
MEAN,2001,F_FMEAN,1.17387938153504
MEAN,2002,F_FMEAN,1.10796007483226
MEAN,2003,F_FMEAN,1.0648106647453
MEAN,2004,F_FMEAN,1.08857622946021
MEAN,2005,F_FMEAN,1.05050584870121
MEAN,2006,F_FMEAN,1.1195272359166
MEAN,2007,F_FMEAN,1.04399378925079
MEAN,2008,F_FMEAN,0.962186498608129
MEAN,2009,F_FMEAN,0.947019703585833
MEAN,2010,F_FMEAN,0.823924052966613
MEAN,2011,F_FMEAN,0.745414717108818
MEAN,2012,F_FMEAN,0.75613527767248
MEAN,2013,F_FMEAN,0.726160581618705
MEAN,2014,F_FMEAN,0.707792831241778
MEAN,2015,F_FMEAN,0.708205488351882
MEAN,2016,F_FMEAN,0.749999592397392
MEAN,2017,F_FMEAN,0.756578849962547
MEAN,2018,F_FMEAN,0.743915725294194
MEAN,2019,F_FMEAN,0.844220875279825
MEAN,1947,F_FMSY,0.461538461538462
MEAN,1948,F_FMSY,0.461538461538462
MEAN,1949,F_FMSY,0.507692307692308
MEAN,1950,F_FMSY,1.21993006993007
MEAN,1951,F_FMSY,1.31790709290709
MEAN,1952,F_FMSY,1.3528971028971
MEAN,1953,F_FMSY,1.34363136863137
MEAN,1954,F_FMSY,1.28986013986014
MEAN,1955,F_FMSY,1.33279220779221
MEAN,1956,F_FMSY,1.3268981018981
MEAN,1957,F_FMSY,1.18192418692419
MEAN,1958,F_FMSY,1.29630813630814
MEAN,1959,F_FMSY,1.39375346875347
MEAN,1960,F_FMSY,1.4594227994228
MEAN,1961,F_FMSY,1.52934676434676
MEAN,1962,F_FMSY,1.58364968364968
MEAN,1963,F_FMSY,1.58569609154287
MEAN,1964,F_FMSY,1.68441061626546
MEAN,1965,F_FMSY,1.79076724350918
MEAN,1966,F_FMSY,1.77889827914021
MEAN,1967,F_FMSY,1.84759277759278
MEAN,1968,F_FMSY,2.12654882209134
MEAN,1969,F_FMSY,1.97543227723165
MEAN,1970,F_FMSY,2.021620264759
MEAN,1971,F_FMSY,2.1568551487117
MEAN,1972,F_FMSY,2.363436570354
MEAN,1973,F_FMSY,2.43322551314006
MEAN,1974,F_FMSY,2.38001932128
MEAN,1975,F_FMSY,2.62930770016153
MEAN,1976,F_FMSY,2.480458277249
MEAN,1977,F_FMSY,2.25058685445648
MEAN,1978,F_FMSY,2.43071417253546
MEAN,1979,F_FMSY,2.47615658495264
MEAN,1980,F_FMSY,2.34685019590098
MEAN,1981,F_FMSY,2.1444803085195
MEAN,1982,F_FMSY,2.00524756402198
MEAN,1983,F_FMSY,2.171816358225
MEAN,1984,F_FMSY,2.17435948286835
MEAN,1985,F_FMSY,2.10555253357346
MEAN,1986,F_FMSY,2.19348842582596
MEAN,1987,F_FMSY,2.29834477676972
MEAN,1988,F_FMSY,2.16243540768834
MEAN,1989,F_FMSY,2.27092270819587
MEAN,1990,F_FMSY,2.21207943543195
MEAN,1991,F_FMSY,2.17466228781065
MEAN,1992,F_FMSY,2.02466589667449
MEAN,1993,F_FMSY,2.06752914001242
MEAN,1994,F_FMSY,2.13298638047496
MEAN,1995,F_FMSY,2.1345025088039
MEAN,1996,F_FMSY,2.20487887364277
MEAN,1997,F_FMSY,2.13576992379399
MEAN,1998,F_FMSY,2.13337964495252
MEAN,1999,F_FMSY,2.09947811505327
MEAN,2000,F_FMSY,2.07053624261941
MEAN,2001,F_FMSY,1.97498517070528
MEAN,2002,F_FMSY,1.87588827771596
MEAN,2003,F_FMSY,1.72114590005767
MEAN,2004,F_FMSY,1.67471255095786
MEAN,2005,F_FMSY,1.68751426474951
MEAN,2006,F_FMSY,1.73404352481418
MEAN,2007,F_FMSY,1.62838384285964
MEAN,2008,F_FMSY,1.4219346420434
MEAN,2009,F_FMSY,1.46428219564416
MEAN,2010,F_FMSY,1.31243159618755
MEAN,2011,F_FMSY,1.19841177362413
MEAN,2012,F_FMSY,1.17967859060233
MEAN,2013,F_FMSY,1.14181251360982
MEAN,2014,F_FMSY,1.15835921599542
MEAN,2015,F_FMSY,1.07812405336365
MEAN,2016,F_FMSY,1.05979676620167
MEAN,2017,F_FMSY,1.0868934544799
MEAN,2018,F_FMSY,1.06300575543037
MEAN,2019,F_FMSY,1.046875
MEAN,1905,SSB_MSYBtrigger,2.37559633564551
MEAN,1906,SSB_MSYBtrigger,2.36525009512102
MEAN,1907,SSB_MSYBtrigger,2.3626159744783
MEAN,1908,SSB_MSYBtrigger,2.36125501214622
MEAN,1909,SSB_MSYBtrigger,2.36005502385343
MEAN,1910,SSB_MSYBtrigger,2.35809406737495
MEAN,1911,SSB_MSYBtrigger,2.35695261509644
MEAN,1912,SSB_MSYBtrigger,2.35535750870723
MEAN,1913,SSB_MSYBtrigger,2.35212339391811
MEAN,1914,SSB_MSYBtrigger,2.34787953288261
MEAN,1915,SSB_MSYBtrigger,2.3459332104077
MEAN,1916,SSB_MSYBtrigger,2.34420639798636
MEAN,1917,SSB_MSYBtrigger,2.34559662832558
MEAN,1918,SSB_MSYBtrigger,2.34727953873621
MEAN,1919,SSB_MSYBtrigger,2.34877220710042
MEAN,1920,SSB_MSYBtrigger,2.34707466268622
MEAN,1921,SSB_MSYBtrigger,2.34300640969356
MEAN,1922,SSB_MSYBtrigger,2.33784060643311
MEAN,1923,SSB_MSYBtrigger,2.3328504112155
MEAN,1924,SSB_MSYBtrigger,2.32780167998361
MEAN,1925,SSB_MSYBtrigger,2.3220651505839
MEAN,1926,SSB_MSYBtrigger,2.31616764714491
MEAN,1927,SSB_MSYBtrigger,2.30984575760236
MEAN,1928,SSB_MSYBtrigger,2.3023385137706
MEAN,1929,SSB_MSYBtrigger,2.29370445166389
MEAN,1930,SSB_MSYBtrigger,2.28588989375713
MEAN,1931,SSB_MSYBtrigger,2.2748704890684
MEAN,1932,SSB_MSYBtrigger,2.26461205256534
MEAN,1933,SSB_MSYBtrigger,2.2480024585126
MEAN,1934,SSB_MSYBtrigger,2.22726607545292
MEAN,1935,SSB_MSYBtrigger,2.20746626862177
MEAN,1936,SSB_MSYBtrigger,2.18605672139784
MEAN,1937,SSB_MSYBtrigger,2.16776421693447
MEAN,1938,SSB_MSYBtrigger,2.14619369567126
MEAN,1939,SSB_MSYBtrigger,2.13404747270758
MEAN,1940,SSB_MSYBtrigger,2.11991102525829
MEAN,1941,SSB_MSYBtrigger,2.1220036877689
MEAN,1942,SSB_MSYBtrigger,2.12525243656159
MEAN,1943,SSB_MSYBtrigger,2.12580852869728
MEAN,1944,SSB_MSYBtrigger,2.12996458571136
MEAN,1945,SSB_MSYBtrigger,2.13407674071472
MEAN,1946,SSB_MSYBtrigger,2.140032780168
MEAN,1947,SSB_MSYBtrigger,3.033902514634
MEAN,1948,SSB_MSYBtrigger,2.66357054555565
MEAN,1949,SSB_MSYBtrigger,2.60950746063453
MEAN,1950,SSB_MSYBtrigger,1.96894958882953
MEAN,1951,SSB_MSYBtrigger,1.91591744072625
MEAN,1952,SSB_MSYBtrigger,1.89499326177316
MEAN,1953,SSB_MSYBtrigger,1.81145707625665
MEAN,1954,SSB_MSYBtrigger,1.72767108760912
MEAN,1955,SSB_MSYBtrigger,1.69075639802322
MEAN,1956,SSB_MSYBtrigger,1.61647680504451
MEAN,1957,SSB_MSYBtrigger,1.31627165661892
MEAN,1958,SSB_MSYBtrigger,1.2872284652377
MEAN,1959,SSB_MSYBtrigger,1.42330655339518
MEAN,1960,SSB_MSYBtrigger,1.36045856708964
MEAN,1961,SSB_MSYBtrigger,1.59263180381357
MEAN,1962,SSB_MSYBtrigger,1.41336006073588
MEAN,1963,SSB_MSYBtrigger,1.27156149778463
MEAN,1964,SSB_MSYBtrigger,1.14275418367036
MEAN,1965,SSB_MSYBtrigger,1.05570666900219
MEAN,1966,SSB_MSYBtrigger,1.44618128411602
MEAN,1967,SSB_MSYBtrigger,1.38442127747616
MEAN,1968,SSB_MSYBtrigger,1.33257637671433
MEAN,1969,SSB_MSYBtrigger,1.19952088679412
MEAN,1970,SSB_MSYBtrigger,1.21419640821809
MEAN,1971,SSB_MSYBtrigger,1.19950708051169
MEAN,1972,SSB_MSYBtrigger,1.35712066977991
MEAN,1973,SSB_MSYBtrigger,1.25042356297482
MEAN,1974,SSB_MSYBtrigger,1.33883329088124
MEAN,1975,SSB_MSYBtrigger,1.13271047539315
MEAN,1976,SSB_MSYBtrigger,1.07680171759213
MEAN,1977,SSB_MSYBtrigger,1.16983256541852
MEAN,1978,SSB_MSYBtrigger,1.05559706487671
MEAN,1979,SSB_MSYBtrigger,1.06837249178456
MEAN,1980,SSB_MSYBtrigger,1.0875321697404
MEAN,1981,SSB_MSYBtrigger,1.1571018418863
MEAN,1982,SSB_MSYBtrigger,1.32003285895452
MEAN,1983,SSB_MSYBtrigger,1.2432995250368
MEAN,1984,SSB_MSYBtrigger,1.18252934211398
MEAN,1985,SSB_MSYBtrigger,1.2921703433339
MEAN,1986,SSB_MSYBtrigger,1.35697757427676
MEAN,1987,SSB_MSYBtrigger,1.3141967782295
MEAN,1988,SSB_MSYBtrigger,1.29059631933761
MEAN,1989,SSB_MSYBtrigger,1.30596947496608
MEAN,1990,SSB_MSYBtrigger,1.33085741267493
MEAN,1991,SSB_MSYBtrigger,1.2020370674519
MEAN,1992,SSB_MSYBtrigger,1.19501859738001
MEAN,1993,SSB_MSYBtrigger,1.17627754892764
MEAN,1994,SSB_MSYBtrigger,1.24383420895233
MEAN,1995,SSB_MSYBtrigger,1.12304111963126
MEAN,1996,SSB_MSYBtrigger,1.0609754672149
MEAN,1997,SSB_MSYBtrigger,1.09457456105445
MEAN,1998,SSB_MSYBtrigger,1.05283436985086
MEAN,1999,SSB_MSYBtrigger,1.09256415517879
MEAN,2000,SSB_MSYBtrigger,1.03256078026217
MEAN,2001,SSB_MSYBtrigger,1.10634534748077
MEAN,2002,SSB_MSYBtrigger,1.32813615509359
MEAN,2003,SSB_MSYBtrigger,1.33937874980726
MEAN,2004,SSB_MSYBtrigger,1.32257270455856
MEAN,2005,SSB_MSYBtrigger,1.25378293337297
MEAN,2006,SSB_MSYBtrigger,1.16223856544281
MEAN,2007,SSB_MSYBtrigger,1.14832773439846
MEAN,2008,SSB_MSYBtrigger,1.28037356613143
MEAN,2009,SSB_MSYBtrigger,1.25975539731564
MEAN,2010,SSB_MSYBtrigger,1.29387713260955
MEAN,2011,SSB_MSYBtrigger,1.41613226891498
MEAN,2012,SSB_MSYBtrigger,1.50207351493686
MEAN,2013,SSB_MSYBtrigger,1.51229105355653
MEAN,2014,SSB_MSYBtrigger,1.45650976832851
MEAN,2015,SSB_MSYBtrigger,1.53829714582764
MEAN,2016,SSB_MSYBtrigger,1.6158493963823
MEAN,2017,SSB_MSYBtrigger,1.70995357266346
MEAN,2018,SSB_MSYBtrigger,1.69097616238613
MEAN,2019,SSB_MSYBtrigger,1.62722249662716
MEAN,2020,SSB_MSYBtrigger,1.92239377777778
MEAN,1947,SSB_SSBMEAN,3.20225402853906
MEAN,1948,SSB_SSBMEAN,2.60563471492622
MEAN,1949,SSB_SSBMEAN,2.52745877880448
MEAN,1950,SSB_SSBMEAN,1.27265413697909
MEAN,1951,SSB_SSBMEAN,1.21919664096419
MEAN,1952,SSB_SSBMEAN,1.21970678307131
MEAN,1953,SSB_SSBMEAN,1.15326624822134
MEAN,1954,SSB_SSBMEAN,1.0811801364513
MEAN,1955,SSB_SSBMEAN,1.05096490813815
MEAN,1956,SSB_SSBMEAN,0.97362886499644
MEAN,1957,SSB_SSBMEAN,2.04505232683611
MEAN,1958,SSB_SSBMEAN,2.06062377438654
MEAN,1959,SSB_SSBMEAN,2.21592363251745
MEAN,1960,SSB_SSBMEAN,2.23545953175486
MEAN,1961,SSB_SSBMEAN,2.41597574285006
MEAN,1962,SSB_SSBMEAN,2.65553111930007
MEAN,1963,SSB_SSBMEAN,2.19841593344841
MEAN,1964,SSB_SSBMEAN,2.11244412875069
MEAN,1965,SSB_SSBMEAN,1.9646471567077
MEAN,1966,SSB_SSBMEAN,2.25662744336934
MEAN,1967,SSB_SSBMEAN,2.35760349050213
MEAN,1968,SSB_SSBMEAN,2.33667289977531
MEAN,1969,SSB_SSBMEAN,1.9594083903606
MEAN,1970,SSB_SSBMEAN,1.93808963729289
MEAN,1971,SSB_SSBMEAN,1.81530852950412
MEAN,1972,SSB_SSBMEAN,1.94441533929544
MEAN,1973,SSB_SSBMEAN,1.74581537887643
MEAN,1974,SSB_SSBMEAN,1.75266257025692
MEAN,1975,SSB_SSBMEAN,1.48282744389075
MEAN,1976,SSB_SSBMEAN,1.45172420040647
MEAN,1977,SSB_SSBMEAN,1.54489910753317
MEAN,1978,SSB_SSBMEAN,1.35904520374483
MEAN,1979,SSB_SSBMEAN,1.29813632062212
MEAN,1980,SSB_SSBMEAN,1.37105736239023
MEAN,1981,SSB_SSBMEAN,1.3082524873569
MEAN,1982,SSB_SSBMEAN,1.45074358076644
MEAN,1983,SSB_SSBMEAN,1.43539935560254
MEAN,1984,SSB_SSBMEAN,1.18460112848018
MEAN,1985,SSB_SSBMEAN,1.27447919350357
MEAN,1986,SSB_SSBMEAN,1.23970580892352
MEAN,1987,SSB_SSBMEAN,1.52065963479292
MEAN,1988,SSB_SSBMEAN,1.34967808130784
MEAN,1989,SSB_SSBMEAN,1.18281641694152
MEAN,1990,SSB_SSBMEAN,1.18218977983466
MEAN,1991,SSB_SSBMEAN,1.08149898577333
MEAN,1992,SSB_SSBMEAN,0.967411542332459
MEAN,1993,SSB_SSBMEAN,0.990752013810464
MEAN,1994,SSB_SSBMEAN,0.906495237656058
MEAN,1995,SSB_SSBMEAN,0.960162876680571
MEAN,1996,SSB_SSBMEAN,0.932168395388973
MEAN,1997,SSB_SSBMEAN,0.894446299455211
MEAN,1998,SSB_SSBMEAN,1.09978162662173
MEAN,1999,SSB_SSBMEAN,0.883045015564708
MEAN,2000,SSB_SSBMEAN,0.761483931922828
MEAN,2001,SSB_SSBMEAN,0.741819980620551
MEAN,2002,SSB_SSBMEAN,0.945412561771445
MEAN,2003,SSB_SSBMEAN,0.965755134833637
MEAN,2004,SSB_SSBMEAN,0.890505710099171
MEAN,2005,SSB_SSBMEAN,0.856872850980258
MEAN,2006,SSB_SSBMEAN,0.808946779288405
MEAN,2007,SSB_SSBMEAN,0.811781124456956
MEAN,2008,SSB_SSBMEAN,0.972057227859067
MEAN,2009,SSB_SSBMEAN,1.0343436715756
MEAN,2010,SSB_SSBMEAN,1.13704187192059
MEAN,2011,SSB_SSBMEAN,1.2899096788106
MEAN,2012,SSB_SSBMEAN,1.29285538974803
MEAN,2013,SSB_SSBMEAN,1.26956522836691
MEAN,2014,SSB_SSBMEAN,1.35850731117966
MEAN,2015,SSB_SSBMEAN,1.33608559688251
MEAN,2016,SSB_SSBMEAN,1.46196918296295
MEAN,2017,SSB_SSBMEAN,1.50156083060274
MEAN,2018,SSB_SSBMEAN,1.50238696018444
MEAN,2019,SSB_SSBMEAN,1.63935209585615
MEAN,2020,SSB_SSBMEAN,2.51876065846205
