"StockKeyLabel","AssessmentYear","AdviceCategory","lineDescription","FishingPressure","StockSize","SBL","Ecoregion","FisheriesGuild"
"agn.27.nea",2019,"PA","Precautionary approach","GREY","GREY","GREY","Arctic Ocean Ecoregion, Azores Ecoregion, Bay of Biscay and the Iberian Coast Ecoregion, Barents Sea Ecoregion, Celtic Seas Ecoregion, Faroes Ecoregion, Greenland Sea Ecoregion, Iceland Sea Ecoregion, Greater North Sea Ecoregion, Norwegian Sea Ecoregion, Oceanic Northeast Atlantic Ecoregion","elasmobranch"
"agn.27.nea",2019,"PA","Maximum sustainable yield","GREY","GREY","GREY","Arctic Ocean Ecoregion, Azores Ecoregion, Bay of Biscay and the Iberian Coast Ecoregion, Barents Sea Ecoregion, Celtic Seas Ecoregion, Faroes Ecoregion, Greenland Sea Ecoregion, Iceland Sea Ecoregion, Greater North Sea Ecoregion, Norwegian Sea Ecoregion, Oceanic Northeast Atlantic Ecoregion","elasmobranch"
"alf.27.nea",2018,"PA","Precautionary approach","GREY","GREY","GREY","Arctic Ocean Ecoregion, Azores Ecoregion, Bay of Biscay and the Iberian Coast Ecoregion, Barents Sea Ecoregion, Celtic Seas Ecoregion, Faroes Ecoregion, Greenland Sea Ecoregion, Iceland Sea Ecoregion, Greater North Sea Ecoregion, Norwegian Sea Ecoregion, Oceanic Northeast Atlantic Ecoregion","demersal"
"alf.27.nea",2018,"PA","Maximum sustainable yield","GREY","GREY","GREY","Arctic Ocean Ecoregion, Azores Ecoregion, Bay of Biscay and the Iberian Coast Ecoregion, Barents Sea Ecoregion, Celtic Seas Ecoregion, Faroes Ecoregion, Greenland Sea Ecoregion, Iceland Sea Ecoregion, Greater North Sea Ecoregion, Norwegian Sea Ecoregion, Oceanic Northeast Atlantic Ecoregion","demersal"
"anf.27.3a46",2019,"PA","Precautionary approach","GREY","GREY","GREY","Celtic Seas Ecoregion, Faroes Ecoregion, Greater North Sea Ecoregion, Oceanic Northeast Atlantic Ecoregion","benthic"
"anf.27.3a46",2019,"PA","Maximum sustainable yield","GREY","GREY","GREY","Celtic Seas Ecoregion, Faroes Ecoregion, Greater North Sea Ecoregion, Oceanic Northeast Atlantic Ecoregion","benthic"
"ank.27.78abd",2019,"PA","Maximum sustainable yield","GREEN","GREY","GREY","Bay of Biscay and the Iberian Coast Ecoregion, Celtic Seas Ecoregion, Greater North Sea Ecoregion, Oceanic Northeast Atlantic Ecoregion","benthic"
"ank.27.78abd",2019,"PA","Precautionary approach","GREY","GREY","GREY","Bay of Biscay and the Iberian Coast Ecoregion, Celtic Seas Ecoregion, Greater North Sea Ecoregion, Oceanic Northeast Atlantic Ecoregion","benthic"
"aru.27.123a4",2019,"PA","Precautionary approach","GREEN","GREY","GREY","Arctic Ocean Ecoregion, Barents Sea Ecoregion, Greater North Sea Ecoregion, Norwegian Sea Ecoregion","pelagic"
"aru.27.123a4",2019,"PA","Maximum sustainable yield","GREEN","GREY","GREY","Arctic Ocean Ecoregion, Barents Sea Ecoregion, Greater North Sea Ecoregion, Norwegian Sea Ecoregion","pelagic"
"aru.27.6b7-1012",2019,"PA","Maximum sustainable yield","GREY","GREY","GREY","Azores Ecoregion, Bay of Biscay and the Iberian Coast Ecoregion, Celtic Seas Ecoregion, Greenland Sea Ecoregion, Iceland Sea Ecoregion, Greater North Sea Ecoregion, Oceanic Northeast Atlantic Ecoregion","pelagic"
"aru.27.6b7-1012",2019,"PA","Precautionary approach","GREY","GREY","GREY","Azores Ecoregion, Bay of Biscay and the Iberian Coast Ecoregion, Celtic Seas Ecoregion, Greenland Sea Ecoregion, Iceland Sea Ecoregion, Greater North Sea Ecoregion, Oceanic Northeast Atlantic Ecoregion","pelagic"
"bli.27.5b67",2018,"MSY","Precautionary approach","GREEN","GREEN","GREEN","Celtic Seas Ecoregion, Faroes Ecoregion, Iceland Sea Ecoregion, Greater North Sea Ecoregion, Oceanic Northeast Atlantic Ecoregion","demersal"
"bli.27.5b67",2018,"MSY","Maximum sustainable yield","GREEN","GREEN","GREEN","Celtic Seas Ecoregion, Faroes Ecoregion, Iceland Sea Ecoregion, Greater North Sea Ecoregion, Oceanic Northeast Atlantic Ecoregion","demersal"
"bli.27.nea",2019,"PA","Precautionary approach","GREY","qual_RED","GREY","Arctic Ocean Ecoregion, Bay of Biscay and the Iberian Coast Ecoregion, Barents Sea Ecoregion, Celtic Seas Ecoregion, Faroes Ecoregion, Greenland Sea Ecoregion, Iceland Sea Ecoregion, Greater North Sea Ecoregion, Norwegian Sea Ecoregion, Oceanic Northeast Atlantic Ecoregion","demersal"
"bli.27.nea",2019,"PA","Maximum sustainable yield","GREY","qual_RED","GREY","Arctic Ocean Ecoregion, Bay of Biscay and the Iberian Coast Ecoregion, Barents Sea Ecoregion, Celtic Seas Ecoregion, Faroes Ecoregion, Greenland Sea Ecoregion, Iceland Sea Ecoregion, Greater North Sea Ecoregion, Norwegian Sea Ecoregion, Oceanic Northeast Atlantic Ecoregion","demersal"
"bll.27.3a47de",2019,"PA","Maximum sustainable yield","GREEN","GREEN","GREEN","Celtic Seas Ecoregion, Greater North Sea Ecoregion","benthic"
"bll.27.3a47de",2019,"PA","Precautionary approach","GREEN","GREEN","GREEN","Celtic Seas Ecoregion, Greater North Sea Ecoregion","benthic"
"boc.27.6-8",2019,"PA","Precautionary approach","GREY","GREY","GREY","Bay of Biscay and the Iberian Coast Ecoregion, Celtic Seas Ecoregion, Greater North Sea Ecoregion, Oceanic Northeast Atlantic Ecoregion","pelagic"
"boc.27.6-8",2019,"PA","Maximum sustainable yield","GREY","GREY","GREY","Bay of Biscay and the Iberian Coast Ecoregion, Celtic Seas Ecoregion, Greater North Sea Ecoregion, Oceanic Northeast Atlantic Ecoregion","pelagic"
"bsf.27.nea",2018,"PA","Maximum sustainable yield","GREY","GREY","GREY","Arctic Ocean Ecoregion, Azores Ecoregion, Bay of Biscay and the Iberian Coast Ecoregion, Barents Sea Ecoregion, Celtic Seas Ecoregion, Faroes Ecoregion, Greenland Sea Ecoregion, Iceland Sea Ecoregion, Greater North Sea Ecoregion, Norwegian Sea Ecoregion, Oceanic Northeast Atlantic Ecoregion","pelagic"
"bsf.27.nea",2018,"PA","Precautionary approach","GREY","GREY","GREY","Arctic Ocean Ecoregion, Azores Ecoregion, Bay of Biscay and the Iberian Coast Ecoregion, Barents Sea Ecoregion, Celtic Seas Ecoregion, Faroes Ecoregion, Greenland Sea Ecoregion, Iceland Sea Ecoregion, Greater North Sea Ecoregion, Norwegian Sea Ecoregion, Oceanic Northeast Atlantic Ecoregion","pelagic"
"bsk.27.nea",2019,"PA","Maximum sustainable yield","GREY","GREY","GREY","Arctic Ocean Ecoregion, Azores Ecoregion, Bay of Biscay and the Iberian Coast Ecoregion, Barents Sea Ecoregion, Celtic Seas Ecoregion, Faroes Ecoregion, Greenland Sea Ecoregion, Iceland Sea Ecoregion, Greater North Sea Ecoregion, Norwegian Sea Ecoregion, Oceanic Northeast Atlantic Ecoregion","elasmobranch"
"bsk.27.nea",2019,"PA","Precautionary approach","GREY","GREY","GREY","Arctic Ocean Ecoregion, Azores Ecoregion, Bay of Biscay and the Iberian Coast Ecoregion, Barents Sea Ecoregion, Celtic Seas Ecoregion, Faroes Ecoregion, Greenland Sea Ecoregion, Iceland Sea Ecoregion, Greater North Sea Ecoregion, Norwegian Sea Ecoregion, Oceanic Northeast Atlantic Ecoregion","elasmobranch"
"cod.27.21",2019,"PA","Precautionary approach","GREY","GREY","GREY","Greater North Sea Ecoregion","demersal"
"cod.27.21",2019,"PA","Maximum sustainable yield","GREY","GREY","GREY","Greater North Sea Ecoregion","demersal"
"cod.27.47d20",2019,"MSY","Maximum sustainable yield","RED","RED","RED","Greater North Sea Ecoregion","demersal"
"cod.27.47d20",2019,"MSY","Precautionary approach","RED","RED","RED","Greater North Sea Ecoregion","demersal"
"cod.27.7e-k",2019,"MSY","Precautionary approach","RED","RED","RED","Celtic Seas Ecoregion, Greater North Sea Ecoregion, Oceanic Northeast Atlantic Ecoregion","demersal"
"cod.27.7e-k",2019,"MSY","Maximum sustainable yield","RED","RED","RED","Celtic Seas Ecoregion, Greater North Sea Ecoregion, Oceanic Northeast Atlantic Ecoregion","demersal"
"cyo.27.nea",2019,"PA","Maximum sustainable yield","GREY","GREY","GREY","Arctic Ocean Ecoregion, Azores Ecoregion, Bay of Biscay and the Iberian Coast Ecoregion, Barents Sea Ecoregion, Celtic Seas Ecoregion, Faroes Ecoregion, Greenland Sea Ecoregion, Iceland Sea Ecoregion, Greater North Sea Ecoregion, Norwegian Sea Ecoregion, Oceanic Northeast Atlantic Ecoregion","elasmobranch"
"cyo.27.nea",2019,"PA","Precautionary approach","GREY","GREY","GREY","Arctic Ocean Ecoregion, Azores Ecoregion, Bay of Biscay and the Iberian Coast Ecoregion, Barents Sea Ecoregion, Celtic Seas Ecoregion, Faroes Ecoregion, Greenland Sea Ecoregion, Iceland Sea Ecoregion, Greater North Sea Ecoregion, Norwegian Sea Ecoregion, Oceanic Northeast Atlantic Ecoregion","elasmobranch"
"dab.27.3a4",2019,"PA/Stock status only","Precautionary approach","GREEN","GREEN","GREEN","Greater North Sea Ecoregion","benthic"
"dab.27.3a4",2019,"PA/Stock status only","Maximum sustainable yield","GREEN","GREEN","GREEN","Greater North Sea Ecoregion","benthic"
"dgs.27.nea",2018,"MSY/PA","Precautionary approach","GREEN","GREY","GREY","Arctic Ocean Ecoregion, Azores Ecoregion, Bay of Biscay and the Iberian Coast Ecoregion, Barents Sea Ecoregion, Celtic Seas Ecoregion, Faroes Ecoregion, Greenland Sea Ecoregion, Iceland Sea Ecoregion, Greater North Sea Ecoregion, Norwegian Sea Ecoregion, Oceanic Northeast Atlantic Ecoregion","elasmobranch"
"dgs.27.nea",2018,"MSY/PA","Maximum sustainable yield","GREEN","RED","GREY","Arctic Ocean Ecoregion, Azores Ecoregion, Bay of Biscay and the Iberian Coast Ecoregion, Barents Sea Ecoregion, Celtic Seas Ecoregion, Faroes Ecoregion, Greenland Sea Ecoregion, Iceland Sea Ecoregion, Greater North Sea Ecoregion, Norwegian Sea Ecoregion, Oceanic Northeast Atlantic Ecoregion","elasmobranch"
"fle.27.3a4",2019,"PA/Stock status only","Maximum sustainable yield","GREEN","GREY","GREY","Greater North Sea Ecoregion","benthic"
"fle.27.3a4",2019,"PA/Stock status only","Precautionary approach","GREEN","GREY","GREY","Greater North Sea Ecoregion","benthic"
"gag.27.nea",2019,"PA","Precautionary approach","GREY","GREY","GREY","Arctic Ocean Ecoregion, Azores Ecoregion, Bay of Biscay and the Iberian Coast Ecoregion, Barents Sea Ecoregion, Celtic Seas Ecoregion, Faroes Ecoregion, Greenland Sea Ecoregion, Iceland Sea Ecoregion, Greater North Sea Ecoregion, Norwegian Sea Ecoregion, Oceanic Northeast Atlantic Ecoregion","elasmobranch"
"gag.27.nea",2019,"PA","Maximum sustainable yield","GREY","GREY","GREY","Arctic Ocean Ecoregion, Azores Ecoregion, Bay of Biscay and the Iberian Coast Ecoregion, Barents Sea Ecoregion, Celtic Seas Ecoregion, Faroes Ecoregion, Greenland Sea Ecoregion, Iceland Sea Ecoregion, Greater North Sea Ecoregion, Norwegian Sea Ecoregion, Oceanic Northeast Atlantic Ecoregion","elasmobranch"
"gfb.27.nea",2018,"PA","Precautionary approach","GREY","GREY","GREY","Arctic Ocean Ecoregion, Azores Ecoregion, Bay of Biscay and the Iberian Coast Ecoregion, Barents Sea Ecoregion, Celtic Seas Ecoregion, Faroes Ecoregion, Greenland Sea Ecoregion, Iceland Sea Ecoregion, Greater North Sea Ecoregion, Norwegian Sea Ecoregion, Oceanic Northeast Atlantic Ecoregion","demersal"
"gfb.27.nea",2018,"PA","Maximum sustainable yield","GREY","GREY","GREY","Arctic Ocean Ecoregion, Azores Ecoregion, Bay of Biscay and the Iberian Coast Ecoregion, Barents Sea Ecoregion, Celtic Seas Ecoregion, Faroes Ecoregion, Greenland Sea Ecoregion, Iceland Sea Ecoregion, Greater North Sea Ecoregion, Norwegian Sea Ecoregion, Oceanic Northeast Atlantic Ecoregion","demersal"
"gug.27.3a47d",2018,"PA/Stock status only","Maximum sustainable yield","GREEN","GREY","GREY","Greater North Sea Ecoregion","demersal"
"gug.27.3a47d",2018,"PA/Stock status only","Precautionary approach","GREEN","GREY","GREY","Greater North Sea Ecoregion","demersal"
"guq.27.nea",2019,"PA","Precautionary approach","GREY","GREY","GREY","Arctic Ocean Ecoregion, Azores Ecoregion, Bay of Biscay and the Iberian Coast Ecoregion, Barents Sea Ecoregion, Celtic Seas Ecoregion, Faroes Ecoregion, Greenland Sea Ecoregion, Iceland Sea Ecoregion, Greater North Sea Ecoregion, Norwegian Sea Ecoregion, Oceanic Northeast Atlantic Ecoregion","elasmobranch"
"guq.27.nea",2019,"PA","Maximum sustainable yield","GREY","GREY","GREY","Arctic Ocean Ecoregion, Azores Ecoregion, Bay of Biscay and the Iberian Coast Ecoregion, Barents Sea Ecoregion, Celtic Seas Ecoregion, Faroes Ecoregion, Greenland Sea Ecoregion, Iceland Sea Ecoregion, Greater North Sea Ecoregion, Norwegian Sea Ecoregion, Oceanic Northeast Atlantic Ecoregion","elasmobranch"
"gur.27.3-8",2019,"PA","Precautionary approach","GREY","GREY","GREY","Azores Ecoregion, Bay of Biscay and the Iberian Coast Ecoregion, Celtic Seas Ecoregion, Faroes Ecoregion, Greater North Sea Ecoregion, Norwegian Sea Ecoregion, Oceanic Northeast Atlantic Ecoregion","demersal"
"gur.27.3-8",2019,"PA","Maximum sustainable yield","GREY","GREY","GREY","Azores Ecoregion, Bay of Biscay and the Iberian Coast Ecoregion, Celtic Seas Ecoregion, Faroes Ecoregion, Greater North Sea Ecoregion, Norwegian Sea Ecoregion, Oceanic Northeast Atlantic Ecoregion","demersal"
"had.27.46a20",2019,"MSY","Maximum sustainable yield","RED","GREEN","GREEN","Celtic Seas Ecoregion, Greater North Sea Ecoregion","demersal"
"had.27.46a20",2019,"MSY","Precautionary approach","GREEN","GREEN","GREEN","Celtic Seas Ecoregion, Greater North Sea Ecoregion","demersal"
"had.27.7b-k",2019,"MSY","Maximum sustainable yield","RED","GREEN","GREEN","Celtic Seas Ecoregion, Greater North Sea Ecoregion, Oceanic Northeast Atlantic Ecoregion","demersal"
"had.27.7b-k",2019,"MSY","Precautionary approach","GREEN","GREEN","GREEN","Celtic Seas Ecoregion, Greater North Sea Ecoregion, Oceanic Northeast Atlantic Ecoregion","demersal"
"her.27.1-24a514a",2019,"MP","Precautionary approach","GREEN","GREEN","GREEN","Arctic Ocean Ecoregion, Barents Sea Ecoregion, Celtic Seas Ecoregion, Faroes Ecoregion, Greenland Sea Ecoregion, Iceland Sea Ecoregion, Greater North Sea Ecoregion, Norwegian Sea Ecoregion, Oceanic Northeast Atlantic Ecoregion","pelagic"
"her.27.1-24a514a",2019,"MP","Maximum sustainable yield","GREEN","GREEN","GREEN","Arctic Ocean Ecoregion, Barents Sea Ecoregion, Celtic Seas Ecoregion, Faroes Ecoregion, Greenland Sea Ecoregion, Iceland Sea Ecoregion, Greater North Sea Ecoregion, Norwegian Sea Ecoregion, Oceanic Northeast Atlantic Ecoregion","pelagic"
"her.27.20-24",2019,"MSY","Precautionary approach","ORANGE","RED","RED","Baltic Sea Ecoregion, Greater North Sea Ecoregion","pelagic"
"her.27.20-24",2019,"MSY","Maximum sustainable yield","RED","RED","RED","Baltic Sea Ecoregion, Greater North Sea Ecoregion","pelagic"
"her.27.3a47d",2019,"MSY","Maximum sustainable yield","GREEN","GREEN","GREEN","Greater North Sea Ecoregion","pelagic"
"her.27.3a47d",2019,"MSY","Precautionary approach","GREEN","GREEN","GREEN","Greater North Sea Ecoregion","pelagic"
"hke.27.3a46-8abd",2019,"MSY","Precautionary approach","GREEN","GREEN","GREEN","Bay of Biscay and the Iberian Coast Ecoregion, Celtic Seas Ecoregion, Faroes Ecoregion, Greater North Sea Ecoregion, Oceanic Northeast Atlantic Ecoregion","demersal"
"hke.27.3a46-8abd",2019,"MSY","Maximum sustainable yield","GREEN","GREEN","GREEN","Bay of Biscay and the Iberian Coast Ecoregion, Celtic Seas Ecoregion, Faroes Ecoregion, Greater North Sea Ecoregion, Oceanic Northeast Atlantic Ecoregion","demersal"
"hom.27.2a4a5b6a7a-ce-k8",2019,"MSY","Maximum sustainable yield","RED","RED","RED","Bay of Biscay and the Iberian Coast Ecoregion, Barents Sea Ecoregion, Celtic Seas Ecoregion, Faroes Ecoregion, Greenland Sea Ecoregion, Iceland Sea Ecoregion, Greater North Sea Ecoregion, Norwegian Sea Ecoregion, Oceanic Northeast Atlantic Ecoregion","pelagic"
"hom.27.2a4a5b6a7a-ce-k8",2019,"MSY","Precautionary approach","ORANGE","ORANGE","RED","Bay of Biscay and the Iberian Coast Ecoregion, Barents Sea Ecoregion, Celtic Seas Ecoregion, Faroes Ecoregion, Greenland Sea Ecoregion, Iceland Sea Ecoregion, Greater North Sea Ecoregion, Norwegian Sea Ecoregion, Oceanic Northeast Atlantic Ecoregion","pelagic"
"hom.27.3a4bc7d",2019,"PA","Precautionary approach","GREY","GREY","GREY","Greater North Sea Ecoregion","pelagic"
"hom.27.3a4bc7d",2019,"PA","Maximum sustainable yield","RED","GREY","GREY","Greater North Sea Ecoregion","pelagic"
"ldb.27.7b-k8abd",2019,"PA/Stock status only","Maximum sustainable yield","GREY","GREY","GREY","Bay of Biscay and the Iberian Coast Ecoregion, Celtic Seas Ecoregion, Greater North Sea Ecoregion, Oceanic Northeast Atlantic Ecoregion","benthic"
"ldb.27.7b-k8abd",2019,"PA/Stock status only","Precautionary approach","GREY","GREY","GREY","Bay of Biscay and the Iberian Coast Ecoregion, Celtic Seas Ecoregion, Greater North Sea Ecoregion, Oceanic Northeast Atlantic Ecoregion","benthic"
"lem.27.3a47d",2019,"PA","Precautionary approach","GREEN","GREY","GREY","Greater North Sea Ecoregion","benthic"
"lem.27.3a47d",2019,"PA","Maximum sustainable yield","GREEN","GREY","GREY","Greater North Sea Ecoregion","benthic"
"lez.27.4a6a",2019,"MSY","Maximum sustainable yield","GREEN","GREEN","GREEN","Celtic Seas Ecoregion, Greater North Sea Ecoregion","benthic"
"lez.27.4a6a",2019,"MSY","Precautionary approach","GREEN","GREEN","GREEN","Celtic Seas Ecoregion, Greater North Sea Ecoregion","benthic"
"lin.27.3a4a6-91214",2019,"PA","Precautionary approach","GREEN","GREY","GREY","Arctic Ocean Ecoregion, Bay of Biscay and the Iberian Coast Ecoregion, Celtic Seas Ecoregion, Faroes Ecoregion, Greenland Sea Ecoregion, Iceland Sea Ecoregion, Greater North Sea Ecoregion, Norwegian Sea Ecoregion, Oceanic Northeast Atlantic Ecoregion","demersal"
"lin.27.3a4a6-91214",2019,"PA","Maximum sustainable yield","GREEN","GREY","GREY","Arctic Ocean Ecoregion, Bay of Biscay and the Iberian Coast Ecoregion, Celtic Seas Ecoregion, Faroes Ecoregion, Greenland Sea Ecoregion, Iceland Sea Ecoregion, Greater North Sea Ecoregion, Norwegian Sea Ecoregion, Oceanic Northeast Atlantic Ecoregion","demersal"
"mac.27.nea",2019,"MSY","Precautionary approach","GREEN","GREEN","GREEN","Arctic Ocean Ecoregion, Azores Ecoregion, Bay of Biscay and the Iberian Coast Ecoregion, Barents Sea Ecoregion, Celtic Seas Ecoregion, Faroes Ecoregion, Greenland Sea Ecoregion, Iceland Sea Ecoregion, Greater North Sea Ecoregion, Norwegian Sea Ecoregion, Oceanic Northeast Atlantic Ecoregion","pelagic"
"mac.27.nea",2019,"MSY","Maximum sustainable yield","RED","GREEN","GREEN","Arctic Ocean Ecoregion, Azores Ecoregion, Bay of Biscay and the Iberian Coast Ecoregion, Barents Sea Ecoregion, Celtic Seas Ecoregion, Faroes Ecoregion, Greenland Sea Ecoregion, Iceland Sea Ecoregion, Greater North Sea Ecoregion, Norwegian Sea Ecoregion, Oceanic Northeast Atlantic Ecoregion","pelagic"
"meg.27.7b-k8abd",2019,"MP","Maximum sustainable yield","GREEN","GREEN","GREEN","Bay of Biscay and the Iberian Coast Ecoregion, Celtic Seas Ecoregion, Greater North Sea Ecoregion, Oceanic Northeast Atlantic Ecoregion","benthic"
"meg.27.7b-k8abd",2019,"MP","Precautionary approach","GREEN","GREEN","GREEN","Bay of Biscay and the Iberian Coast Ecoregion, Celtic Seas Ecoregion, Greater North Sea Ecoregion, Oceanic Northeast Atlantic Ecoregion","benthic"
"mon.27.78abd",2019,"MP","Maximum sustainable yield","GREEN","GREEN","GREEN","Bay of Biscay and the Iberian Coast Ecoregion, Celtic Seas Ecoregion, Greater North Sea Ecoregion, Oceanic Northeast Atlantic Ecoregion","benthic"
"mon.27.78abd",2019,"MP","Precautionary approach","GREEN","GREEN","GREEN","Bay of Biscay and the Iberian Coast Ecoregion, Celtic Seas Ecoregion, Greater North Sea Ecoregion, Oceanic Northeast Atlantic Ecoregion","benthic"
"mur.27.3a47d",2019,"PA","Precautionary approach","GREY","GREY","GREY","Greater North Sea Ecoregion","demersal"
"mur.27.3a47d",2019,"PA","Maximum sustainable yield","GREY","GREY","GREY","Greater North Sea Ecoregion","demersal"
"mur.27.67a-ce-k89a",2017,"PA","Precautionary approach","GREY","GREY","GREY","Bay of Biscay and the Iberian Coast Ecoregion, Celtic Seas Ecoregion, Greater North Sea Ecoregion, Oceanic Northeast Atlantic Ecoregion","demersal"
"mur.27.67a-ce-k89a",2017,"PA","Maximum sustainable yield","GREY","GREY","GREY","Bay of Biscay and the Iberian Coast Ecoregion, Celtic Seas Ecoregion, Greater North Sea Ecoregion, Oceanic Northeast Atlantic Ecoregion","demersal"
"nep.fu.10",2018,"PA","Maximum sustainable yield","GREY","GREY","GREY","Greater North Sea Ecoregion","crustacean"
"nep.fu.10",2018,"PA","Precautionary approach","GREY","GREY","GREY","Greater North Sea Ecoregion","crustacean"
"nep.fu.3-4",2019,"FMSY Ranges","Precautionary approach","GREEN","GREY","GREY","Greater North Sea Ecoregion","crustacean"
"nep.fu.3-4",2019,"FMSY Ranges","Maximum sustainable yield","GREEN","GREY","GREY","Greater North Sea Ecoregion","crustacean"
"nep.fu.32",2018,"PA","Precautionary approach","GREY","GREY","GREY","Greater North Sea Ecoregion","crustacean"
"nep.fu.32",2018,"PA","Maximum sustainable yield","GREY","GREY","GREY","Greater North Sea Ecoregion","crustacean"
"nep.fu.33",2018,"PA","Maximum sustainable yield","GREY","GREY","GREY","Greater North Sea Ecoregion","crustacean"
"nep.fu.33",2018,"PA","Precautionary approach","GREY","GREY","GREY","Greater North Sea Ecoregion","crustacean"
"nep.fu.34",2018,"PA","Maximum sustainable yield","GREY","GREY","GREY","Greater North Sea Ecoregion","crustacean"
"nep.fu.34",2018,"PA","Precautionary approach","GREY","GREY","GREY","Greater North Sea Ecoregion","crustacean"
"nep.fu.5",2018,"PA","Precautionary approach","GREY","GREY","GREY","Greater North Sea Ecoregion","crustacean"
"nep.fu.5",2018,"PA","Maximum sustainable yield","GREY","GREY","GREY","Greater North Sea Ecoregion","crustacean"
"nep.fu.6",2019,"FMSY Ranges","Precautionary approach","GREY","GREEN","GREY","Greater North Sea Ecoregion","crustacean"
"nep.fu.6",2019,"FMSY Ranges","Maximum sustainable yield","RED","GREEN","GREY","Greater North Sea Ecoregion","crustacean"
"nep.fu.7",2019,"FMSY Ranges","Maximum sustainable yield","GREEN","GREEN","GREEN","Greater North Sea Ecoregion","crustacean"
"nep.fu.7",2019,"FMSY Ranges","Precautionary approach","GREEN","GREEN","GREEN","Greater North Sea Ecoregion","crustacean"
"nep.fu.8",2019,"FMSY Ranges","Precautionary approach","GREEN","GREEN","GREEN","Greater North Sea Ecoregion","crustacean"
"nep.fu.8",2019,"FMSY Ranges","Maximum sustainable yield","GREEN","GREEN","GREEN","Greater North Sea Ecoregion","crustacean"
"nep.fu.9",2019,"FMSY Ranges","Maximum sustainable yield","GREEN","GREEN","GREEN","Greater North Sea Ecoregion","crustacean"
"nep.fu.9",2019,"FMSY Ranges","Precautionary approach","GREEN","GREEN","GREEN","Greater North Sea Ecoregion","crustacean"
"nop.27.3a4",2019,"MSY","Precautionary approach","GREY","GREEN","GREY","Greater North Sea Ecoregion","pelagic"
"nop.27.3a4",2019,"MSY","Maximum sustainable yield","GREY","GREY","GREY","Greater North Sea Ecoregion","pelagic"
"ory.27.nea",2016,"PA","Maximum sustainable yield","GREY","GREY","GREY","Arctic Ocean Ecoregion, Azores Ecoregion, Bay of Biscay and the Iberian Coast Ecoregion, Barents Sea Ecoregion, Celtic Seas Ecoregion, Faroes Ecoregion, Greenland Sea Ecoregion, Iceland Sea Ecoregion, Greater North Sea Ecoregion, Norwegian Sea Ecoregion, Oceanic Northeast Atlantic Ecoregion","demersal"
"ory.27.nea",2016,"PA","Precautionary approach","GREY","GREY","GREY","Arctic Ocean Ecoregion, Azores Ecoregion, Bay of Biscay and the Iberian Coast Ecoregion, Barents Sea Ecoregion, Celtic Seas Ecoregion, Faroes Ecoregion, Greenland Sea Ecoregion, Iceland Sea Ecoregion, Greater North Sea Ecoregion, Norwegian Sea Ecoregion, Oceanic Northeast Atlantic Ecoregion","demersal"
"ple.27.21-23",2019,"PA","Precautionary approach","GREEN","GREEN","GREEN","Baltic Sea Ecoregion, Greater North Sea Ecoregion","benthic"
"ple.27.21-23",2019,"PA","Maximum sustainable yield","RED","GREEN","GREEN","Baltic Sea Ecoregion, Greater North Sea Ecoregion","benthic"
"ple.27.420",2019,"MSY","Maximum sustainable yield","GREEN","GREEN","GREEN","Greater North Sea Ecoregion","benthic"
"ple.27.420",2019,"MSY","Precautionary approach","GREEN","GREEN","GREEN","Greater North Sea Ecoregion","benthic"
"ple.27.7d",2019,"MSY","Precautionary approach","GREEN","GREEN","GREEN","Greater North Sea Ecoregion","benthic"
"ple.27.7d",2019,"MSY","Maximum sustainable yield","GREEN","GREEN","GREEN","Greater North Sea Ecoregion","benthic"
"ple.27.7e",2019,"PA","Precautionary approach","GREEN","GREEN","GREEN","Celtic Seas Ecoregion, Greater North Sea Ecoregion","benthic"
"ple.27.7e",2019,"PA","Maximum sustainable yield","RED","GREEN","GREEN","Celtic Seas Ecoregion, Greater North Sea Ecoregion","benthic"
"pok.27.3a46",2019,"MSY","Maximum sustainable yield","GREEN","GREEN","GREEN","Celtic Seas Ecoregion, Faroes Ecoregion, Greater North Sea Ecoregion","demersal"
"pok.27.3a46",2019,"MSY","Precautionary approach","GREEN","GREEN","GREEN","Celtic Seas Ecoregion, Faroes Ecoregion, Greater North Sea Ecoregion","demersal"
"pol.27.3a4",2018,"PA/Stock status only","Maximum sustainable yield","GREY","GREY","GREY","Greater North Sea Ecoregion","demersal"
"pol.27.3a4",2018,"PA/Stock status only","Precautionary approach","GREY","GREY","GREY","Greater North Sea Ecoregion","demersal"
"por.27.nea",2019,"PA","Maximum sustainable yield","GREY","GREY","GREY","Arctic Ocean Ecoregion, Azores Ecoregion, Bay of Biscay and the Iberian Coast Ecoregion, Barents Sea Ecoregion, Celtic Seas Ecoregion, Faroes Ecoregion, Greenland Sea Ecoregion, Iceland Sea Ecoregion, Greater North Sea Ecoregion, Norwegian Sea Ecoregion, Oceanic Northeast Atlantic Ecoregion","elasmobranch"
"por.27.nea",2019,"PA","Precautionary approach","GREY","GREY","GREY","Arctic Ocean Ecoregion, Azores Ecoregion, Bay of Biscay and the Iberian Coast Ecoregion, Barents Sea Ecoregion, Celtic Seas Ecoregion, Faroes Ecoregion, Greenland Sea Ecoregion, Iceland Sea Ecoregion, Greater North Sea Ecoregion, Norwegian Sea Ecoregion, Oceanic Northeast Atlantic Ecoregion","elasmobranch"
"raj.27.3a47d",2019,"PA","Maximum sustainable yield","GREY","GREY","GREY","Greater North Sea Ecoregion","elasmobranch"
"raj.27.3a47d",2019,"PA","Precautionary approach","GREY","GREY","GREY","Greater North Sea Ecoregion","elasmobranch"
"raj.27.67a-ce-h",2018,"No advice","Maximum sustainable yield","GREY","GREY","GREY","Celtic Seas Ecoregion, Greater North Sea Ecoregion, Oceanic Northeast Atlantic Ecoregion","elasmobranch"
"raj.27.67a-ce-h",2018,"No advice","Precautionary approach","GREY","GREY","GREY","Celtic Seas Ecoregion, Greater North Sea Ecoregion, Oceanic Northeast Atlantic Ecoregion","elasmobranch"
"rja.27.nea",2019,"PA","Maximum sustainable yield","GREY","GREY","GREY","Arctic Ocean Ecoregion, Azores Ecoregion, Bay of Biscay and the Iberian Coast Ecoregion, Barents Sea Ecoregion, Celtic Seas Ecoregion, Faroes Ecoregion, Greenland Sea Ecoregion, Iceland Sea Ecoregion, Greater North Sea Ecoregion, Norwegian Sea Ecoregion, Oceanic Northeast Atlantic Ecoregion","elasmobranch"
"rja.27.nea",2019,"PA","Precautionary approach","GREY","GREY","GREY","Arctic Ocean Ecoregion, Azores Ecoregion, Bay of Biscay and the Iberian Coast Ecoregion, Barents Sea Ecoregion, Celtic Seas Ecoregion, Faroes Ecoregion, Greenland Sea Ecoregion, Iceland Sea Ecoregion, Greater North Sea Ecoregion, Norwegian Sea Ecoregion, Oceanic Northeast Atlantic Ecoregion","elasmobranch"
"rjb.27.3a4",2019,"PA/Stock status only","Maximum sustainable yield","GREY","GREY","GREY","Celtic Seas Ecoregion, Faroes Ecoregion, Greater North Sea Ecoregion","elasmobranch"
"rjb.27.3a4",2019,"PA/Stock status only","Precautionary approach","GREY","GREY","GREY","Celtic Seas Ecoregion, Faroes Ecoregion, Greater North Sea Ecoregion","elasmobranch"
"rjb.27.67a-ce-k",2018,"PA/Stock status only","Maximum sustainable yield","GREY","GREY","GREY","Celtic Seas Ecoregion, Greater North Sea Ecoregion, Oceanic Northeast Atlantic Ecoregion","elasmobranch"
"rjb.27.67a-ce-k",2018,"PA/Stock status only","Precautionary approach","GREY","GREY","GREY","Celtic Seas Ecoregion, Greater North Sea Ecoregion, Oceanic Northeast Atlantic Ecoregion","elasmobranch"
"rjc.27.3a47d",2019,"PA","Maximum sustainable yield","GREY","GREY","GREY","Greater North Sea Ecoregion","elasmobranch"
"rjc.27.3a47d",2019,"PA","Precautionary approach","GREY","GREY","GREY","Greater North Sea Ecoregion","elasmobranch"
"rjc.27.7e",2018,"PA","Maximum sustainable yield","GREY","GREY","GREY","Celtic Seas Ecoregion, Greater North Sea Ecoregion","elasmobranch"
"rjc.27.7e",2018,"PA","Precautionary approach","GREY","GREY","GREY","Celtic Seas Ecoregion, Greater North Sea Ecoregion","elasmobranch"
"rje.27.7de",2018,"PA","Maximum sustainable yield","GREY","GREY","GREY","Celtic Seas Ecoregion, Greater North Sea Ecoregion","elasmobranch"
"rje.27.7de",2018,"PA","Precautionary approach","GREY","GREY","GREY","Celtic Seas Ecoregion, Greater North Sea Ecoregion","elasmobranch"
"rjf.27.67",2018,"PA","Maximum sustainable yield","GREY","GREY","GREY","Celtic Seas Ecoregion, Greater North Sea Ecoregion, Oceanic Northeast Atlantic Ecoregion","elasmobranch"
"rjf.27.67",2018,"PA","Precautionary approach","GREY","GREY","GREY","Celtic Seas Ecoregion, Greater North Sea Ecoregion, Oceanic Northeast Atlantic Ecoregion","elasmobranch"
"rjh.27.4a6",2019,"PA","Maximum sustainable yield","GREY","GREY","GREY","Celtic Seas Ecoregion, Greater North Sea Ecoregion, Oceanic Northeast Atlantic Ecoregion","elasmobranch"
"rjh.27.4a6",2019,"PA","Precautionary approach","GREY","GREY","GREY","Celtic Seas Ecoregion, Greater North Sea Ecoregion, Oceanic Northeast Atlantic Ecoregion","elasmobranch"
"rjh.27.4c7d",2019,"PA","Maximum sustainable yield","GREY","GREY","GREY","Greater North Sea Ecoregion","elasmobranch"
"rjh.27.4c7d",2019,"PA","Precautionary approach","GREY","GREY","GREY","Greater North Sea Ecoregion","elasmobranch"
"rjh.27.7e",2018,"PA","Maximum sustainable yield","GREY","GREY","GREY","Celtic Seas Ecoregion, Greater North Sea Ecoregion","elasmobranch"
"rjh.27.7e",2018,"PA","Precautionary approach","GREY","GREY","GREY","Celtic Seas Ecoregion, Greater North Sea Ecoregion","elasmobranch"
"rji.27.67",2018,"PA","Maximum sustainable yield","GREY","GREY","GREY","Celtic Seas Ecoregion, Greater North Sea Ecoregion, Oceanic Northeast Atlantic Ecoregion","elasmobranch"
"rji.27.67",2018,"PA","Precautionary approach","GREY","GREY","GREY","Celtic Seas Ecoregion, Greater North Sea Ecoregion, Oceanic Northeast Atlantic Ecoregion","elasmobranch"
"rjm.27.3a47d",2019,"PA","Maximum sustainable yield","GREY","GREY","GREY","Greater North Sea Ecoregion","elasmobranch"
"rjm.27.3a47d",2019,"PA","Precautionary approach","GREY","GREY","GREY","Greater North Sea Ecoregion","elasmobranch"
"rjm.27.7ae-h",2018,"PA","Maximum sustainable yield","GREY","GREY","GREY","Celtic Seas Ecoregion, Greater North Sea Ecoregion","elasmobranch"
"rjm.27.7ae-h",2018,"PA","Precautionary approach","GREY","GREY","GREY","Celtic Seas Ecoregion, Greater North Sea Ecoregion","elasmobranch"
"rjn.27.3a4",2019,"PA","Maximum sustainable yield","GREY","GREY","GREY","Greater North Sea Ecoregion","elasmobranch"
"rjn.27.3a4",2019,"PA","Precautionary approach","GREY","GREY","GREY","Greater North Sea Ecoregion","elasmobranch"
"rjn.27.678abd",2018,"PA","Maximum sustainable yield","GREY","GREY","GREY","Bay of Biscay and the Iberian Coast Ecoregion, Celtic Seas Ecoregion, Greater North Sea Ecoregion, Oceanic Northeast Atlantic Ecoregion","elasmobranch"
"rjn.27.678abd",2018,"PA","Precautionary approach","GREY","GREY","GREY","Bay of Biscay and the Iberian Coast Ecoregion, Celtic Seas Ecoregion, Greater North Sea Ecoregion, Oceanic Northeast Atlantic Ecoregion","elasmobranch"
"rjr.27.23a4",2019,"PA","Maximum sustainable yield","GREY","GREY","GREY","Arctic Ocean Ecoregion, Barents Sea Ecoregion, Celtic Seas Ecoregion, Faroes Ecoregion, Greenland Sea Ecoregion, Iceland Sea Ecoregion, Greater North Sea Ecoregion, Norwegian Sea Ecoregion","elasmobranch"
"rjr.27.23a4",2019,"PA","Precautionary approach","GREY","GREY","GREY","Arctic Ocean Ecoregion, Barents Sea Ecoregion, Celtic Seas Ecoregion, Faroes Ecoregion, Greenland Sea Ecoregion, Iceland Sea Ecoregion, Greater North Sea Ecoregion, Norwegian Sea Ecoregion","elasmobranch"
"rju.27.7de",2018,"PA","Maximum sustainable yield","GREY","GREY","GREY","Celtic Seas Ecoregion, Greater North Sea Ecoregion","elasmobranch"
"rju.27.7de",2018,"PA","Precautionary approach","GREY","GREY","GREY","Celtic Seas Ecoregion, Greater North Sea Ecoregion","elasmobranch"
"rng.27.1245a8914ab",2019,"PA","Maximum sustainable yield","GREY","GREY","GREY","Arctic Ocean Ecoregion, Bay of Biscay and the Iberian Coast Ecoregion, Barents Sea Ecoregion, Celtic Seas Ecoregion, Faroes Ecoregion, Greenland Sea Ecoregion, Iceland Sea Ecoregion, Greater North Sea Ecoregion, Norwegian Sea Ecoregion, Oceanic Northeast Atlantic Ecoregion","demersal"
"rng.27.1245a8914ab",2019,"PA","Precautionary approach","GREY","GREY","GREY","Arctic Ocean Ecoregion, Bay of Biscay and the Iberian Coast Ecoregion, Barents Sea Ecoregion, Celtic Seas Ecoregion, Faroes Ecoregion, Greenland Sea Ecoregion, Iceland Sea Ecoregion, Greater North Sea Ecoregion, Norwegian Sea Ecoregion, Oceanic Northeast Atlantic Ecoregion","demersal"
"rng.27.3a",2018,"PA","Maximum sustainable yield","GREY","GREY","GREY","Greater North Sea Ecoregion","demersal"
"rng.27.3a",2018,"PA","Precautionary approach","GREY","GREY","GREY","Greater North Sea Ecoregion","demersal"
"rng.27.5b6712b",2018,"MSY","Maximum sustainable yield","GREY","GREY","GREY","Celtic Seas Ecoregion, Faroes Ecoregion, Iceland Sea Ecoregion, Greater North Sea Ecoregion, Oceanic Northeast Atlantic Ecoregion","demersal"
"rng.27.5b6712b",2018,"MSY","Precautionary approach","GREY","GREY","GREY","Celtic Seas Ecoregion, Faroes Ecoregion, Iceland Sea Ecoregion, Greater North Sea Ecoregion, Oceanic Northeast Atlantic Ecoregion","demersal"
"san.27.6a",2018,"No advice","Maximum sustainable yield","GREY","GREY","GREY","Celtic Seas Ecoregion, Faroes Ecoregion, Greater North Sea Ecoregion","demersal"
"san.27.6a",2018,"No advice","Precautionary approach","GREY","GREY","GREY","Celtic Seas Ecoregion, Faroes Ecoregion, Greater North Sea Ecoregion","demersal"
"san.sa.1r",2019,"MSY","Maximum sustainable yield","GREY","RED","RED","Greater North Sea Ecoregion","demersal"
"san.sa.1r",2019,"MSY","Precautionary approach","GREY","RED","RED","Greater North Sea Ecoregion","demersal"
"san.sa.2r",2019,"MSY","Maximum sustainable yield","GREY","RED","RED","Greater North Sea Ecoregion","demersal"
"san.sa.2r",2019,"MSY","Precautionary approach","GREY","RED","RED","Greater North Sea Ecoregion","demersal"
"san.sa.3r",2019,"MSY","Maximum sustainable yield","GREY","GREEN","GREY","Greater North Sea Ecoregion","demersal"
"san.sa.3r",2019,"MSY","Precautionary approach","GREY","GREEN","GREY","Greater North Sea Ecoregion","demersal"
"san.sa.4",2019,"MSY","Maximum sustainable yield","GREY","GREEN","GREY","Greater North Sea Ecoregion","demersal"
"san.sa.4",2019,"MSY","Precautionary approach","GREY","GREEN","GREY","Greater North Sea Ecoregion","demersal"
"san.sa.5r",2019,"PA","Maximum sustainable yield","GREY","GREY","GREY","Greater North Sea Ecoregion","demersal"
"san.sa.5r",2019,"PA","Precautionary approach","GREY","GREY","GREY","Greater North Sea Ecoregion","demersal"
"san.sa.6",2019,"PA","Maximum sustainable yield","GREY","GREY","GREY","Greater North Sea Ecoregion","demersal"
"san.sa.6",2019,"PA","Precautionary approach","GREY","GREY","GREY","Greater North Sea Ecoregion","demersal"
"san.sa.7r",2019,"PA","Maximum sustainable yield","GREY","GREY","GREY","Celtic Seas Ecoregion, Greater North Sea Ecoregion","demersal"
"san.sa.7r",2019,"PA","Precautionary approach","GREY","GREY","GREY","Celtic Seas Ecoregion, Greater North Sea Ecoregion","demersal"
"sbr.27.6-8",2018,"PA","Maximum sustainable yield","GREY","GREY","GREY","Bay of Biscay and the Iberian Coast Ecoregion, Celtic Seas Ecoregion, Greater North Sea Ecoregion","demersal"
"sbr.27.6-8",2018,"PA","Precautionary approach","GREY","GREY","GREY","Bay of Biscay and the Iberian Coast Ecoregion, Celtic Seas Ecoregion, Greater North Sea Ecoregion","demersal"
"sck.27.nea",2019,"PA","Maximum sustainable yield","GREY","GREY","GREY","Arctic Ocean Ecoregion, Azores Ecoregion, Bay of Biscay and the Iberian Coast Ecoregion, Barents Sea Ecoregion, Celtic Seas Ecoregion, Faroes Ecoregion, Greenland Sea Ecoregion, Iceland Sea Ecoregion, Greater North Sea Ecoregion, Norwegian Sea Ecoregion, Oceanic Northeast Atlantic Ecoregion","elasmobranch"
"sck.27.nea",2019,"PA","Precautionary approach","GREY","GREY","GREY","Arctic Ocean Ecoregion, Azores Ecoregion, Bay of Biscay and the Iberian Coast Ecoregion, Barents Sea Ecoregion, Celtic Seas Ecoregion, Faroes Ecoregion, Greenland Sea Ecoregion, Iceland Sea Ecoregion, Greater North Sea Ecoregion, Norwegian Sea Ecoregion, Oceanic Northeast Atlantic Ecoregion","elasmobranch"
"sdv.27.nea",2019,"PA","Maximum sustainable yield","GREY","GREY","GREY","Arctic Ocean Ecoregion, Azores Ecoregion, Bay of Biscay and the Iberian Coast Ecoregion, Barents Sea Ecoregion, Celtic Seas Ecoregion, Faroes Ecoregion, Greenland Sea Ecoregion, Iceland Sea Ecoregion, Greater North Sea Ecoregion, Norwegian Sea Ecoregion, Oceanic Northeast Atlantic Ecoregion","elasmobranch"
"sdv.27.nea",2019,"PA","Precautionary approach","GREY","GREY","GREY","Arctic Ocean Ecoregion, Azores Ecoregion, Bay of Biscay and the Iberian Coast Ecoregion, Barents Sea Ecoregion, Celtic Seas Ecoregion, Faroes Ecoregion, Greenland Sea Ecoregion, Iceland Sea Ecoregion, Greater North Sea Ecoregion, Norwegian Sea Ecoregion, Oceanic Northeast Atlantic Ecoregion","elasmobranch"
"sho.27.67",2019,"PA/Stock status only","Maximum sustainable yield","GREY","GREY","GREY","Celtic Seas Ecoregion, Greater North Sea Ecoregion, Oceanic Northeast Atlantic Ecoregion","elasmobranch"
"sho.27.67",2019,"PA/Stock status only","Precautionary approach","GREY","GREY","GREY","Celtic Seas Ecoregion, Greater North Sea Ecoregion, Oceanic Northeast Atlantic Ecoregion","elasmobranch"
"sol.27.20-24",2019,"MSY","Maximum sustainable yield","GREEN","GREEN","GREEN","Baltic Sea Ecoregion, Greater North Sea Ecoregion","benthic"
"sol.27.20-24",2019,"MSY","Precautionary approach","GREEN","GREEN","GREEN","Baltic Sea Ecoregion, Greater North Sea Ecoregion","benthic"
"sol.27.4",2019,"FMSY Ranges","Maximum sustainable yield","RED","GREEN","GREEN","Greater North Sea Ecoregion","benthic"
"sol.27.4",2019,"FMSY Ranges","Precautionary approach","GREEN","GREEN","GREEN","Greater North Sea Ecoregion","benthic"
"sol.27.7d",2019,"MSY","Maximum sustainable yield","GREEN","GREEN","GREEN","Greater North Sea Ecoregion","benthic"
"sol.27.7d",2019,"MSY","Precautionary approach","GREEN","GREEN","GREEN","Greater North Sea Ecoregion","benthic"
"sol.27.7e",2019,"MSY","Maximum sustainable yield","GREEN","GREEN","GREEN","Celtic Seas Ecoregion, Greater North Sea Ecoregion","benthic"
"sol.27.7e",2019,"MSY","Precautionary approach","GREEN","GREEN","GREEN","Celtic Seas Ecoregion, Greater North Sea Ecoregion","benthic"
"spr.27.3a4",2019,NA,"Maximum sustainable yield","GREY","GREEN","GREY","Greater North Sea Ecoregion","pelagic"
"spr.27.3a4",2019,NA,"Precautionary approach","GREY","GREEN","GREY","Greater North Sea Ecoregion","pelagic"
"spr.27.7de",2019,"PA","Maximum sustainable yield","GREY","GREY","GREY","Celtic Seas Ecoregion, Greater North Sea Ecoregion","pelagic"
"spr.27.7de",2019,"PA","Precautionary approach","GREY","GREY","GREY","Celtic Seas Ecoregion, Greater North Sea Ecoregion","pelagic"
"syc.27.3a47d",2019,"PA","Maximum sustainable yield","GREY","GREY","GREY","Greater North Sea Ecoregion","elasmobranch"
"syc.27.3a47d",2019,"PA","Precautionary approach","GREY","GREY","GREY","Greater North Sea Ecoregion","elasmobranch"
"syc.27.67a-ce-j",2019,"PA","Maximum sustainable yield","GREY","GREY","GREY","Celtic Seas Ecoregion, Greater North Sea Ecoregion, Oceanic Northeast Atlantic Ecoregion","elasmobranch"
"syc.27.67a-ce-j",2019,"PA","Precautionary approach","GREY","GREY","GREY","Celtic Seas Ecoregion, Greater North Sea Ecoregion, Oceanic Northeast Atlantic Ecoregion","elasmobranch"
"syt.27.67",2019,"No advice","Maximum sustainable yield","GREY","GREY","GREY","Celtic Seas Ecoregion, Greater North Sea Ecoregion, Oceanic Northeast Atlantic Ecoregion","elasmobranch"
"syt.27.67",2019,"No advice","Precautionary approach","GREY","GREY","GREY","Celtic Seas Ecoregion, Greater North Sea Ecoregion, Oceanic Northeast Atlantic Ecoregion","elasmobranch"
"tur.27.3a",2019,"PA/Stock status only","Maximum sustainable yield","GREY","GREY","GREY","Greater North Sea Ecoregion","benthic"
"tur.27.3a",2019,"PA/Stock status only","Precautionary approach","GREY","GREY","GREY","Greater North Sea Ecoregion","benthic"
"tur.27.4",2019,"PA","Maximum sustainable yield","GREEN","GREEN","GREEN","Greater North Sea Ecoregion","benthic"
"tur.27.4",2019,"PA","Precautionary approach","GREEN","GREEN","GREEN","Greater North Sea Ecoregion","benthic"
"usk.27.3a45b6a7-912b",2019,"PA","Maximum sustainable yield","GREEN","GREEN","GREEN","Bay of Biscay and the Iberian Coast Ecoregion, Celtic Seas Ecoregion, Faroes Ecoregion, Iceland Sea Ecoregion, Greater North Sea Ecoregion, Oceanic Northeast Atlantic Ecoregion","demersal"
"usk.27.3a45b6a7-912b",2019,"PA","Precautionary approach","GREEN","GREEN","GREEN","Bay of Biscay and the Iberian Coast Ecoregion, Celtic Seas Ecoregion, Faroes Ecoregion, Iceland Sea Ecoregion, Greater North Sea Ecoregion, Oceanic Northeast Atlantic Ecoregion","demersal"
"whb.27.1-91214",2019,"MP","Maximum sustainable yield","RED","GREEN","GREEN","Arctic Ocean Ecoregion, Bay of Biscay and the Iberian Coast Ecoregion, Barents Sea Ecoregion, Celtic Seas Ecoregion, Faroes Ecoregion, Greenland Sea Ecoregion, Iceland Sea Ecoregion, Greater North Sea Ecoregion, Norwegian Sea Ecoregion, Oceanic Northeast Atlantic Ecoregion","pelagic"
"whb.27.1-91214",2019,"MP","Precautionary approach","GREEN","GREEN","GREEN","Arctic Ocean Ecoregion, Bay of Biscay and the Iberian Coast Ecoregion, Barents Sea Ecoregion, Celtic Seas Ecoregion, Faroes Ecoregion, Greenland Sea Ecoregion, Iceland Sea Ecoregion, Greater North Sea Ecoregion, Norwegian Sea Ecoregion, Oceanic Northeast Atlantic Ecoregion","pelagic"
"whg.27.3a",2019,"PA/Stock status only","Maximum sustainable yield","GREY","GREY","GREY","Greater North Sea Ecoregion","demersal"
"whg.27.3a",2019,"PA/Stock status only","Precautionary approach","GREY","GREY","GREY","Greater North Sea Ecoregion","demersal"
"whg.27.47d",2019,"MSY","Maximum sustainable yield","RED","RED","RED","Greater North Sea Ecoregion","demersal"
"whg.27.47d",2019,"MSY","Precautionary approach","GREEN","ORANGE","RED","Greater North Sea Ecoregion","demersal"
"whg.27.7b-ce-k",2019,"MSY","Maximum sustainable yield","RED","RED","RED","Celtic Seas Ecoregion, Greater North Sea Ecoregion, Oceanic Northeast Atlantic Ecoregion","demersal"
"whg.27.7b-ce-k",2019,"MSY","Precautionary approach","GREEN","RED","RED","Celtic Seas Ecoregion, Greater North Sea Ecoregion, Oceanic Northeast Atlantic Ecoregion","demersal"
"wit.27.3a47d",2019,"MSY","Maximum sustainable yield","RED","GREEN","RED","Greater North Sea Ecoregion","benthic"
"wit.27.3a47d",2019,"MSY","Precautionary approach","ORANGE","GREEN","RED","Greater North Sea Ecoregion","benthic"
